,REFTYPE,SESSION_IDENTIFIER,FRAME,WORLDPOSX,WORLDPOSY,WORLDPOSZ
35,REF,9548584355158756459,1656,489.7142639160156,-55.24182891845703,3.336696147918701
36,REF,9548584355158756459,1659,493.3020629882813,-58.746612548828125,3.3538854122161865
101,REF,9548584355158756459,1668,502.7362060546875,-68.21817016601562,3.388500928878784
102,REF,9548584355158756459,1669,503.8362121582031,-69.33892822265625,3.3918440341949463
103,REF,9548584355158756459,1673,508.64007568359375,-74.2532730102539,3.407148838043213
104,REF,9548584355158756459,1678,512.3782958984375,-78.09029388427734,3.42132830619812
105,REF,9548584355158756459,1685,518.4371337890625,-84.32728576660156,3.4371259212493896
106,REF,9548584355158756459,1687,521.1139526367188,-87.09439849853516,3.4377169609069824
107,REF,9548584355158756459,1693,527.6712646484375,-93.9220199584961,3.4303834438323975
108,REF,9548584355158756459,1694,528.8375854492188,-95.14474487304688,3.4292562007904053
109,REF,9548584355158756459,1699,534.3055419921875,-100.9090805053711,3.425844430923462
186,REF,9548584355158756459,1365,377.4573059082031,183.969970703125,2.3980836868286133
206,REF,9548584355158756459,1366,377.4987487792969,183.26998901367188,2.4128973484039307
207,REF,9548584355158756459,1380,377.4272766113281,175.17359924316406,2.559782028198242
208,REF,9548584355158756459,1382,377.3721923828125,174.4454803466797,2.570686101913452
209,REF,9548584355158756459,1386,377.2158203125,172.7406463623047,2.594437837600708
210,REF,9548584355158756459,1392,376.9634094238281,170.5330047607422,2.619793653488159
211,REF,9548584355158756459,1408,375.9636840820313,163.77493286132812,2.653676986694336
212,REF,9548584355158756459,1413,375.5361022949219,161.20016479492188,2.656043767929077
213,REF,9548584355158756459,1414,375.3596496582031,160.15869140625,2.6563572883605957
214,REF,9548584355158756459,1415,375.22509765625,159.371337890625,2.6560826301574707
215,REF,9548584355158756459,1418,374.8118286132813,156.9865264892578,2.6508710384368896
216,REF,9548584355158756459,1419,374.67041015625,156.18299865722656,2.6478917598724365
260,REF,9548584355158756459,1648,481.5574340820313,-47.50029754638672,3.3042619228363037
261,REF,9548584355158756459,1652,486.1501159667969,-51.822418212890625,3.320462226867676
262,REF,9548584355158756459,1654,488.6422729492187,-54.20680236816406,3.331256866455078
268,REF,9548584355158756459,1535,385.56988525390625,45.17379379272461,2.968275308609009
269,REF,9548584355158756459,1541,389.4427490234375,39.3039665222168,3.011877059936523
270,REF,9548584355158756459,1545,392.16064453125,35.62824630737305,3.037334680557251
271,REF,9548584355158756459,1548,394.333251953125,32.861602783203125,3.0543437004089355
335,REF,9548584355158756459,1362,377.2686767578125,186.2792053222656,2.3445444107055664
336,REF,9548584355158756459,1367,377.53271484375,182.5677795410156,2.4272027015686035
337,REF,9548584355158756459,1369,377.5823974609375,180.91932678222656,2.4600038528442383
338,REF,9548584355158756459,1434,372.1737365722656,143.43045043945312,2.568409204483032
339,REF,9548584355158756459,1435,371.9903869628906,142.5727081298828,2.563915491104126
340,REF,9548584355158756459,1439,371.12689208984375,138.518798828125,2.5341179370880127
341,REF,9548584355158756459,1449,369.4710083007813,129.8599090576172,2.526066780090332
342,REF,9548584355158756459,1454,368.8338317871094,125.56896209716795,2.542451858520508
343,REF,9548584355158756459,1458,368.3567199707031,121.52266693115234,2.563148021697998
344,REF,9548584355158756459,1471,367.61517333984375,109.7414093017578,2.6133530139923096
345,REF,9548584355158756459,1472,367.6025695800781,108.77338409423828,2.6179423332214355
346,REF,9548584355158756459,1476,367.6457214355469,104.5743637084961,2.639149904251098
347,REF,9548584355158756459,1478,367.7370300292969,102.3103256225586,2.6489474773406982
348,REF,9548584355158756459,1479,367.791259765625,101.3399887084961,2.6521830558776855
349,REF,9548584355158756459,1512,374.6094055175781,69.52751922607422,2.80774188041687
350,REF,9548584355158756459,1517,376.4088439941406,64.35762786865234,2.8414111137390137
351,REF,9548584355158756459,1518,376.89208984375,63.0686149597168,2.8493335247039795
352,REF,9548584355158756459,1519,377.2644653320313,62.10285949707031,2.8554210662841797
353,REF,9548584355158756459,1522,378.7057495117187,58.57398223876953,2.879058837890625
354,REF,9548584355158756459,1523,379.1199340820313,57.61689758300781,2.885648012161255
355,REF,9548584355158756459,1524,379.5438232421875,56.66162872314453,2.8920836448669434
356,REF,9548584355158756459,1527,381.0251159667969,53.49522399902344,2.913393974304199
357,REF,9548584355158756459,1531,383.1124267578125,49.440914154052734,2.940346956253052
436,REF,9548584355158756459,1444,370.3465576171875,134.67803955078125,2.5293118953704834
437,REF,9548584355158756459,1452,369.135986328125,127.7234344482422,2.5317928791046143
438,REF,9548584355158756459,1453,368.9593200683594,126.49422454833984,2.5378382205963135
439,REF,9548584355158756459,1457,368.4572143554687,122.4608383178711,2.558237075805664
440,REF,9548584355158756459,1459,368.2616882324219,120.5801010131836,2.5681097507476807
441,REF,9548584355158756459,1461,368.1437683105469,119.32080841064452,2.573694944381714
442,REF,9548584355158756459,1464,367.8930358886719,116.15101623535156,2.584815740585327
443,REF,9548584355158756459,1465,367.83111572265625,115.19436645507812,2.588041067123413
444,REF,9548584355158756459,1469,367.6357116699219,110.7060089111328,2.608769655227661
445,REF,9548584355158756459,1475,367.6213073730469,105.54291534423828,2.63443374633789
458,REF,9548584355158756459,1675,510.1308898925781,-75.78251647949219,3.4129202365875244
459,REF,9548584355158756459,1677,511.2524108886719,-76.93373107910156,3.417433977127075
460,REF,9548584355158756459,1683,516.1536865234375,-81.97219848632812,3.431825637817383
461,REF,9548584355158756459,1689,522.6484985351562,-88.68589782714844,3.4373974800109863
462,REF,9548584355158756459,1695,530.0067749023438,-96.3729476928711,3.430037021636963
463,REF,9548584355158756459,1696,531.5662231445312,-98.01380920410156,3.430814504623413
464,REF,9548584355158756459,1697,532.7371215820312,-99.25027465820312,3.429232597351074
465,REF,9548584355158756459,1712,550.5823364257812,-118.3954086303711,3.368269681930542
466,REF,9548584355158756459,1715,554.6089477539062,-122.79402923583984,3.3443922996520996
467,REF,9548584355158756459,1717,557.03662109375,-125.46099090576172,3.333807468414306
478,REF,9548584355158756459,1720,559.87451171875,-128.5930633544922,3.320969820022583
595,REF,9548584355158756459,1300,362.90570068359375,225.00205993652344,2.484628200531006
596,REF,9548584355158756459,1305,364.9456481933594,222.0138702392578,2.480233907699585
597,REF,9548584355158756459,1306,365.3586120605469,221.379150390625,2.477675199508667
598,REF,9548584355158756459,1309,366.6698303222656,219.28269958496097,2.4669735431671143
599,REF,9548584355158756459,1315,368.5703125,215.9783935546875,2.4430031776428223
600,REF,9548584355158756459,1318,369.6349792480469,213.9465789794922,2.4260103702545166
611,REF,9548584355158756459,1285,353.8451232910156,236.1788330078125,2.392871379852295
612,REF,9548584355158756459,1288,356.10333251953125,233.62193298339844,2.425638198852539
613,REF,9548584355158756459,1289,356.73876953125,232.8820648193359,2.433884382247925
614,REF,9548584355158756459,1291,358.1446533203125,231.2068023681641,2.45151948928833
615,REF,9548584355158756459,1292,358.901611328125,230.2798614501953,2.4600515365600586
679,REF,9548584355158756459,1600,434.4895629882813,-7.356099128723144,3.265463352203369
680,REF,9548584355158756459,1601,435.3885192871094,-8.09427547454834,3.2625832557678223
681,REF,9548584355158756459,1602,436.5906982421875,-9.077702522277832,3.257511854171753
682,REF,9548584355158756459,1603,437.4993591308594,-9.818294525146484,3.2522785663604736
683,REF,9548584355158756459,1607,440.5632019042969,-12.301549911499023,3.233933925628662
684,REF,9548584355158756459,1611,444.6302795410156,-15.578125953674316,3.215158462524414
685,REF,9548584355158756459,1613,446.85540771484375,-17.37213706970215,3.211127281188965
686,REF,9548584355158756459,1619,452.3354187011719,-21.82691764831543,3.198413133621216
687,REF,9548584355158756459,1622,455.2688598632813,-24.248859405517575,3.193399667739868
688,REF,9548584355158756459,1624,457.5636291503906,-26.16714859008789,3.1921873092651367
689,REF,9548584355158756459,1626,458.8762512207031,-27.27431869506836,3.1921045780181885
732,REF,9548584355158756459,1355,376.5618591308594,191.4633026123047,2.293433427810669
733,REF,9548584355158756459,1358,376.9111022949219,189.2297821044922,2.3074069023132324
734,REF,9548584355158756459,1359,377.0045166015625,188.55450439453125,2.3104822635650635
735,REF,9548584355158756459,1360,377.0914306640625,187.8743438720703,2.3175323009490967
784,REF,9548584355158756459,1171,244.18499755859375,340.78680419921875,2.2022690773010254
785,REF,9548584355158756459,1179,254.2358856201172,331.325927734375,2.1182539463043213
807,REF,9548584355158756459,1184,261.43182373046875,324.5806579589844,2.061748504638672
808,REF,9548584355158756459,1185,262.70660400390625,323.3854064941406,2.0526511669158936
809,REF,9548584355158756459,1186,263.98297119140625,322.1881103515625,2.0440449714660645
810,REF,9548584355158756459,1196,276.8181457519531,310.12939453125,1.9803556203842163
811,REF,9548584355158756459,1200,281.11676025390625,306.07928466796875,1.968552827835083
812,REF,9548584355158756459,1201,282.40972900390625,304.8606872558594,1.9657787084579468
813,REF,9548584355158756459,1210,293.9555358886719,293.9551696777344,1.957374095916748
843,REF,9548584355158756459,1268,340.13751220703125,250.14898681640625,2.1853761672973633
844,REF,9548584355158756459,1269,341.35284423828125,248.9691467285156,2.202787399291992
845,REF,9548584355158756459,1271,343.1564636230469,247.20730590820312,2.2292592525482178
846,REF,9548584355158756459,1273,344.93280029296875,245.4553680419922,2.2560479640960693
847,REF,9548584355158756459,1275,345.8101501464844,244.58230590820312,2.26956558227539
848,REF,9548584355158756459,1283,353.1238708496094,236.97349548339844,2.382204294204712
881,REF,9548584355158756459,1234,319.5015869140625,269.7992858886719,2.0479087829589844
882,REF,9548584355158756459,1242,324.6717224121094,264.9015197753906,2.069913864135742
883,REF,9548584355158756459,1252,330.2554931640625,259.60504150390625,2.0944554805755615
884,REF,9548584355158756459,1260,334.8553161621094,255.22515869140625,2.1265182495117188
885,REF,9548584355158756459,1267,339.21722412109375,251.0390625,2.173353672027588
889,REF,9548584355158756459,1212,296.8967590332031,291.1769104003906,1.9628276824951172
890,REF,9548584355158756459,1222,308.841064453125,279.8879699707031,2.0059545040130615
891,REF,9548584355158756459,1226,314.06158447265625,274.948974609375,2.0268094539642334
892,REF,9548584355158756459,1232,317.97149658203125,271.248046875,2.0419275760650635
1046,REF,9548584355158756459,1599,433.6009216308594,-6.623645782470703,3.268350839614868
1047,REF,9548584355158756459,1608,441.4940490722656,-13.052582740783691,3.22876501083374
1048,REF,9548584355158756459,1609,442.74163818359375,-14.057583808898926,3.22236704826355
1049,REF,9548584355158756459,1610,443.6845397949219,-14.816631317138672,3.218134880065918
1050,REF,9548584355158756459,1612,445.8990173339844,-16.60051727294922,3.2125532627105713
1051,REF,9548584355158756459,1616,449.1018371582031,-19.18999290466309,3.20665979385376
1052,REF,9548584355158756459,1617,450.0679931640625,-19.974891662597656,3.2044150829315186
1053,REF,9548584355158756459,1618,451.0381164550781,-20.76544952392578,3.2019383907318115
1054,REF,9548584355158756459,1621,454.2888793945313,-23.43628692626953,3.194542646408081
1055,REF,9548584355158756459,1623,456.5792541503906,-25.341487884521484,3.1925466060638428
1056,REF,9548584355158756459,1630,462.8380432128906,-30.662342071533203,3.2036054134368896
1087,REF,9548584355158756459,1554,398.8207092285156,27.42574882507324,3.0898377895355225
1088,REF,9548584355158756459,1558,401.1051330566406,24.730512619018555,3.115715742111206
1089,REF,9548584355158756459,1564,405.520751953125,19.653736114501953,3.165132761001587
1090,REF,9548584355158756459,1569,409.5936584472656,15.201638221740724,3.208716869354248
1091,REF,9548584355158756459,1570,410.3274841308594,14.427144050598145,3.2156782150268555
1092,REF,9548584355158756459,1572,411.80859375,12.89157485961914,3.230526924133301
1093,REF,9548584355158756459,1586,421.9548645019531,3.279799222946167,3.2795968055725098
1094,REF,9548584355158756459,1590,425.8073120117187,-0.07561394572257996,3.289192914962769
1095,REF,9548584355158756459,1591,426.6526794433594,-0.7991611361503601,3.2897422313690186
1096,REF,9548584355158756459,1594,429.50543212890625,-3.2138426303863525,3.282543659210205
1097,REF,9548584355158756459,1596,430.6632385253906,-4.183723449707031,3.2777650356292725
1111,REF,9548584355158756459,1195,275.5266418457031,311.3447265625,1.9848185777664185
1112,REF,9548584355158756459,1198,278.1072082519531,308.91522216796875,1.9763758182525637
1113,REF,9548584355158756459,1202,284.13336181640625,303.2340393066406,1.9628169536590576
1114,REF,9548584355158756459,1203,285.4241943359375,302.0150451660156,1.9610446691513064
1115,REF,9548584355158756459,1204,286.71502685546875,300.7954406738281,1.9596014022827148
1116,REF,9548584355158756459,1205,288.0048828125,299.5766296386719,1.9580039978027344
1117,REF,9548584355158756459,1208,290.990234375,296.7561950683594,1.95491623878479
1118,REF,9548584355158756459,1213,298.15155029296875,289.9915466308594,1.9658138751983645
1119,REF,9548584355158756459,1214,299.40020751953125,288.8118591308594,1.9692896604537964
1120,REF,9548584355158756459,1218,303.5353698730469,284.9044494628906,1.9844735860824585
1121,REF,9548584355158756459,1223,310.0557556152344,278.7390441894531,2.010841608047486
1290,REF,9548584355158756459,1189,266.96856689453125,319.38787841796875,2.0257863998413086
1291,REF,9548584355158756459,1191,269.9571838378906,316.58184814453125,2.0095722675323486
1292,REF,9548584355158756459,1193,272.5258483886719,314.16717529296875,1.997036099433899
1293,REF,9548584355158756459,1194,274.2410888671875,312.55419921875,1.9897540807724
1294,REF,9548584355158756459,1199,279.8264465332031,307.29559326171875,1.971699595451355
1295,REF,9548584355158756459,1206,289.7325134277344,297.9443359375,1.9557671546936035
1296,REF,9548584355158756459,1209,292.2672424316406,295.5498962402344,1.955326557159424
1297,REF,9548584355158756459,1211,295.2202453613281,292.76055908203125,1.9594818353652952
1298,REF,9548584355158756459,1215,300.64666748046875,287.6341552734375,1.9733188152313232
1299,REF,9548584355158756459,1216,302.3001403808594,286.07183837890625,1.9794691801071167
1300,REF,9548584355158756459,1219,304.76715087890625,283.74017333984375,1.989599347114563
1301,REF,9548584355158756459,1313,368.2323303222656,216.5930633544922,2.4479639530181885
1405,REF,9548584355158756459,1732,574.6329345703125,-145.0859375,3.261683225631714
1528,REF,9548584355158756459,1614,447.8164367675781,-18.14870262145996,3.2094342708587646
1529,REF,9548584355158756459,1620,453.3110656738281,-22.628915786743164,3.196223258972168
1530,REF,9548584355158756459,1627,459.8646545410156,-28.112945556640625,3.192899227142334
1531,REF,9548584355158756459,1628,460.8536682128906,-28.95642471313477,3.19482946395874
1532,REF,9548584355158756459,1629,461.8448791503906,-29.80634117126465,3.198427438735962
1533,REF,9548584355158756459,1631,464.16400146484375,-31.81186866760254,3.2120907306671143
1534,REF,9548584355158756459,1634,467.5000305175781,-34.7355842590332,3.236919403076172
1535,REF,9548584355158756459,1637,469.8533630371094,-36.82349395751953,3.249979019165039
1536,REF,9548584355158756459,1638,471.2077026367187,-38.034645080566406,3.257314920425415
1537,REF,9548584355158756459,1640,473.5883483886719,-40.17961120605469,3.270811080932617
1538,REF,9548584355158756459,1642,475.6466979980469,-42.05012130737305,3.281973361968994
1539,REF,9548584355158756459,1584,421.1445007324219,3.999844551086426,3.2772068977355957
1540,REF,9548584355158756459,1587,423.0453186035156,2.3195765018463135,3.282429456710815
1541,REF,9548584355158756459,1589,424.6961669921875,0.8819457292556763,3.28690242767334
1542,REF,9548584355158756459,1597,431.53912353515625,-4.91450834274292,3.274437665939331
1550,REF,9548584355158756459,1604,438.4136657714844,-10.561373710632324,3.246478319168091
1551,REF,9548584355158756459,1606,439.334228515625,-11.307701110839844,3.2408382892608643
1552,REF,9548584355158756459,1571,411.0648498535156,13.6580228805542,3.222944736480713
1553,REF,9548584355158756459,1574,413.5642395019531,11.118130683898926,3.244823932647705
1554,REF,9548584355158756459,1577,415.3442077636719,9.371319770812988,3.25235366821289
1555,REF,9548584355158756459,1579,416.89697265625,7.889993667602539,3.2600393295288086
1601,REF,9548584355158756459,1278,348.6673889160156,241.69093322753903,2.3139355182647705
1602,REF,9548584355158756459,1279,349.4941711425781,240.83746337890625,2.326572895050049
1603,REF,9548584355158756459,1290,357.55474853515625,231.91656494140625,2.444495916366577
1604,REF,9548584355158756459,1295,360.156982421875,228.6985321044922,2.472395181655884
1605,REF,9548584355158756459,1297,361.327392578125,227.16712951660156,2.480058431625366
1606,REF,9548584355158756459,1299,362.4425048828125,225.6497802734375,2.483883857727051
1607,REF,9548584355158756459,1301,363.3582763671875,224.35888671875,2.4850058555603027
1608,REF,9548584355158756459,1303,364.3822021484375,222.86273193359375,2.4826385974884033
1609,REF,9548584355158756459,1310,367.0445556640625,218.65814208984375,2.463052988052368
1610,REF,9548584355158756459,1311,367.41119384765625,218.0350799560547,2.4587836265563965
1611,REF,9548584355158756459,1312,367.8858947753906,217.2097930908203,2.452828884124756
1671,REF,9548584355158756459,1166,238.80091857910156,345.89276123046875,2.2444875240325928
1672,REF,9548584355158756459,1173,247.10096740722656,338.03338623046875,2.1747467517852783
1673,REF,9548584355158756459,1174,248.35476684570312,336.85186767578125,2.1644186973571777
1674,REF,9548584355158756459,1175,249.6119384765625,335.66876220703125,2.154820680618286
1675,REF,9548584355158756459,1181,257.1915588378906,328.55474853515625,2.0943713188171387
1676,REF,9548584355158756459,1183,259.73199462890625,326.173583984375,2.0744996070861816
1677,REF,9548584355158756459,1188,265.2796630859375,320.97235107421875,2.0357789993286133
1678,REF,9548584355158756459,1190,268.247802734375,318.18707275390625,2.018673896789551
1679,REF,9548584355158756459,1192,271.2411804199219,315.3751220703125,2.00307297706604
1716,REF,9548584355158756459,1751,598.12548828125,-172.2534637451172,3.176943063735962
1792,REF,9548584355158756459,1398,376.6283264160156,168.05650329589844,2.6396546363830566
1793,REF,9548584355158756459,1400,376.4812927246094,167.05804443359375,2.6450181007385254
1936,REF,9548584355158756459,1568,408.6351623535156,16.22629737854004,3.19925308227539
1937,REF,9548584355158756459,1573,412.8071594238281,11.87665557861328,3.2396974563598633
1938,REF,9548584355158756459,1576,414.3213195800781,10.368746757507324,3.2485549449920654
1939,REF,9548584355158756459,1578,416.11767578125,8.62868881225586,3.2558813095092773
1940,REF,9548584355158756459,1580,417.6819763183594,7.154484748840332,3.264585018157959
1941,REF,9548584355158756459,1582,419.5348815917969,5.449092864990234,3.2721846103668213
1942,REF,9548584355158756459,1583,420.3358459472656,4.724432945251465,3.2744925022125244
1943,REF,9548584355158756459,1588,423.8678588867187,1.6009736061096191,3.2849690914154053
1944,REF,9548584355158756459,1592,427.7864379882813,-1.7633938789367676,3.2888495922088623
1945,REF,9548584355158756459,1593,428.6427307128906,-2.4874892234802246,3.28647518157959
1946,REF,9548584355158756459,1598,432.4178466796875,-5.644683361053467,3.271401882171631
1966,REF,9548584355158756459,1136,202.6953125,380.3443298339844,2.482144832611084
1967,REF,9548584355158756459,1139,205.4927520751953,377.6436462402344,2.4683377742767334
1968,REF,9548584355158756459,1148,215.96910095214844,367.6246643066406,2.400301694869995
1969,REF,9548584355158756459,1150,218.8050537109375,364.9288635253906,2.376502275466919
1970,REF,9548584355158756459,1152,221.241455078125,362.6139221191406,2.356386423110962
1971,REF,9548584355158756459,1154,224.08409118652344,359.91217041015625,2.335630178451538
1972,REF,9548584355158756459,1160,230.60171508789065,353.7039794921875,2.299023151397705
1973,REF,9548584355158756459,1169,241.6944274902344,343.14520263671875,2.222646713256836
2057,REF,9548584355158756459,1741,585.837646484375,-157.86582946777344,3.216322898864746
2058,REF,9548584355158756459,1742,587.084716796875,-159.30596923828125,3.210444450378418
2059,REF,9548584355158756459,1743,588.33203125,-160.75088500976562,3.2053110599517822
2060,REF,9548584355158756459,1744,589.9880981445312,-162.67576599121094,3.199782609939575
2061,REF,9548584355158756459,1745,591.2271118164062,-164.12135314941406,3.1961874961853027
2062,REF,9548584355158756459,1746,592.4585571289062,-165.56268310546875,3.192380428314209
2063,REF,9548584355158756459,1750,596.5201416015625,-170.34780883789062,3.180453062057495
2064,REF,9548584355158756459,1752,599.32080078125,-173.6779022216797,3.1734838485717773
2177,REF,9548584355158756459,1549,394.99664306640625,32.03965377807617,3.059126138687134
2178,REF,9548584355158756459,1553,398.1394348144531,28.236665725708008,3.0833003520965576
2179,REF,9548584355158756459,1556,399.7326354980469,26.345388412475582,3.099665403366089
2180,REF,9548584355158756459,1559,401.7955627441406,23.923931121826172,3.1242120265960693
2181,REF,9548584355158756459,1560,402.7193603515625,22.85126495361328,3.1350390911102295
2182,REF,9548584355158756459,1562,404.1146240234375,21.2471866607666,3.150362253189087
2183,REF,9548584355158756459,1566,407.1815490722656,17.8077392578125,3.1836140155792236
2339,REF,9548584355158756459,1135,201.49847412109375,381.5035095214844,2.4911344051361084
2340,REF,9548584355158756459,1138,203.89337158203125,379.1861267089844,2.4749555587768555
2341,REF,9548584355158756459,1142,209.50735473632812,373.7882385253906,2.448049306869507
2342,REF,9548584355158756459,1143,210.7160797119141,372.6319885253906,2.441018581390381
2380,REF,9548584355158756459,1144,212.32864379882812,371.0924377441406,2.430166244506836
2381,REF,9548584355158756459,1145,213.5406494140625,369.9366760253906,2.4205377101898193
2382,REF,9548584355158756459,1146,214.75521850585935,368.7799377441406,2.410356044769287
2383,REF,9548584355158756459,1158,228.1530609130859,356.0387268066406,2.3151869773864746
2384,REF,9548584355158756459,1165,237.15431213378903,347.45892333984375,2.2559003829956055
2385,REF,9548584355158756459,1168,240.0397186279297,344.71551513671875,2.235182523727417
2386,REF,9548584355158756459,1170,242.93795776367188,341.96697998046875,2.2130661010742188
2387,REF,9548584355158756459,1172,245.4326171875,339.60760498046875,2.190430164337158
2388,REF,9548584355158756459,1176,251.29058837890625,334.09063720703125,2.1418542861938477
2389,REF,9548584355158756459,1178,252.55335998535156,332.9046630859375,2.1318342685699463
2390,REF,9548584355158756459,1180,255.50308227539065,330.13751220703125,2.107969284057617
2391,REF,9548584355158756459,1182,258.46307373046875,327.362548828125,2.084326982498169
2392,REF,9548584355158756459,1277,347.82354736328125,242.55360412597656,2.301017045974731
2393,REF,9548584355158756459,1280,350.3182373046875,239.9777984619141,2.3392856121063232
2394,REF,9548584355158756459,1281,351.3612976074219,238.8757171630859,2.3555431365966797
2395,REF,9548584355158756459,1282,352.1314392089844,238.0511016845703,2.3673739433288574
2396,REF,9548584355158756459,1287,355.4491882324219,234.37400817871097,2.416199207305908
2397,REF,9548584355158756459,1293,359.45281982421875,229.59266662597656,2.4657227993011475
2403,REF,9548584355158756459,1317,369.32513427734375,214.55401611328125,2.4312808513641357
2404,REF,9548584355158756459,1319,370.03411865234375,213.1421661376953,2.419074296951294
2405,REF,9548584355158756459,1322,370.9722900390625,211.1417999267578,2.401602029800415
2406,REF,9548584355158756459,1327,372.07769775390625,208.54669189453125,2.3794074058532715
2407,REF,9548584355158756459,1328,372.3161926269531,207.9456787109375,2.3744986057281494
2408,REF,9548584355158756459,1329,372.6240234375,207.142822265625,2.3677685260772705
2409,REF,9548584355158756459,1335,373.79742431640625,203.7083282470703,2.3374829292297363
2410,REF,9548584355158756459,1336,373.9817199707031,203.0991973876953,2.331725597381592
2411,REF,9548584355158756459,1339,374.55218505859375,201.0579833984375,2.3102729320526123
2412,REF,9548584355158756459,1341,374.8665466308594,199.8225555419922,2.296630382537842
2413,REF,9548584355158756459,1370,377.59075927734375,180.2090759277344,2.4737110137939453
2414,REF,9548584355158756459,1371,377.58978271484375,179.25714111328125,2.491426467895508
2415,REF,9548584355158756459,1374,377.55413818359375,177.58326721191406,2.5207531452178955
2416,REF,9548584355158756459,1378,377.4885559082031,176.1392364501953,2.544744968414306
2417,REF,9548584355158756459,1404,376.20904541015625,165.2975616455078,2.651011228561402
2418,REF,9548584355158756459,1406,376.0875549316406,164.53770446777344,2.652479648590088
2419,REF,9548584355158756459,1410,375.837646484375,163.0070037841797,2.654517650604248
2420,REF,9548584355158756459,1417,374.9513244628906,157.78564453125,2.6536526679992676
2421,REF,9548584355158756459,1423,374.0305480957031,152.65853881835938,2.622772693634033
2422,REF,9548584355158756459,1424,373.8757629394531,151.83624267578125,2.6145036220550537
2423,REF,9548584355158756459,1425,373.66448974609375,150.73342895507812,2.604403257369995
2424,REF,9548584355158756459,1432,372.59320068359375,145.41725158691406,2.570866107940674
2475,REF,9548584355158756459,1347,375.6247863769531,196.47100830078125,2.263319969177246
2477,REF,9548584355158756459,1581,418.4725341796875,6.421776294708252,3.2685019969940186
2478,REF,9548584355158756459,1349,375.8858337402344,195.1846160888672,2.257401704788208
2479,REF,9548584355158756459,1352,376.2942810058594,193.00881958007812,2.2732908725738525
2480,REF,9548584355158756459,1363,377.333251953125,185.59036254882812,2.360482931137085
2481,REF,9548584355158756459,1364,377.39105224609375,184.8976287841797,2.376948356628418
2503,REF,9548584355158756459,1316,369.0072021484375,215.16314697265625,2.436467409133911
2504,REF,9548584355158756459,1321,370.60784912109375,211.9387969970703,2.408470869064331
2505,REF,9548584355158756459,1323,371.2381591796875,210.5431976318359,2.396470785140991
2506,REF,9548584355158756459,1326,371.8331298828125,209.14634704589844,2.384385824203491
2507,REF,9548584355158756459,1330,372.8468017578125,206.5400390625,2.362556219100952
2508,REF,9548584355158756459,1343,375.21051025390625,198.37025451660156,2.2803850173950195
2558,REF,9548584355158756459,1632,465.1632690429687,-32.683006286621094,3.2194881439208984
2559,REF,9548584355158756459,1633,466.494873046875,-33.850128173828125,3.2297170162200928
2560,REF,9548584355158756459,1636,468.8427429199219,-35.92420959472656,3.2446889877319336
2561,REF,9548584355158756459,1639,472.22467041015625,-38.94850158691406,3.2631242275238037
2562,REF,9548584355158756459,1641,474.6146545410156,-41.110496520996094,3.2764878273010254
2563,REF,9548584355158756459,1644,478.0651245117187,-44.2657585144043,3.2926650047302246
2564,REF,9548584355158756459,1646,479.1116027832031,-45.23065185546875,3.296208143234253
2565,REF,9548584355158756459,1647,480.5042419433594,-46.52047348022461,3.3008344173431396
2640,REF,9548584355158756459,1498,370.6644287109375,82.99645233154297,2.7312748432159424
2641,REF,9548584355158756459,1502,371.5005187988281,79.80225372314453,2.748537302017212
2642,REF,9548584355158756459,1503,371.7652893066406,78.84468841552734,2.754061222076416
2643,REF,9548584355158756459,1509,373.5750732421875,72.75282287597656,2.7893028259277344
2696,REF,9548584355158756459,1134,200.30467224121097,382.6612243652344,2.500490427017212
2697,REF,9548584355158756459,1140,206.69644165039065,376.4854431152344,2.4633522033691406
2698,REF,9548584355158756459,1141,207.8990173339844,375.3301696777344,2.4573376178741455
2699,REF,9548584355158756459,1149,217.5899658203125,366.0836486816406,2.3867461681365967
2700,REF,9548584355158756459,1151,220.021728515625,363.7726135253906,2.3662774562835693
2701,REF,9548584355158756459,1153,222.4591522216797,361.4566955566406,2.3466110229492188
2702,REF,9548584355158756459,1155,225.3049163818359,358.75103759765625,2.329658269882202
2703,REF,9548584355158756459,1156,226.5261077880859,357.5886535644531,2.324307680130005
2723,REF,9548584355158756459,1733,575.8712158203125,-146.4853057861328,3.2548134326934814
2724,REF,9548584355158756459,1734,577.52734375,-148.3610076904297,3.2468254566192627
2725,REF,9548584355158756459,1747,594.0928344726562,-167.4819793701172,3.186955213546753
2726,REF,9548584355158756459,1749,595.3095703125,-168.9163360595703,3.1832962036132812
2805,REF,9548584355158756459,1402,376.3666687011719,166.3053436279297,2.648139476776123
2806,REF,9548584355158756459,1412,375.6668701171875,161.97821044921875,2.655381202697754
2807,REF,9548584355158756459,1416,375.0890197753906,158.57937622070312,2.6553714275360107
2808,REF,9548584355158756459,1421,374.33209228515625,154.29420471191406,2.6362273693084717
2809,REF,9548584355158756459,1422,374.1827392578125,153.47874450683594,2.6302669048309326
2810,REF,9548584355158756459,1426,373.5025939941406,149.90171813964844,2.59675931930542
2811,REF,9548584355158756459,1427,373.3377685546875,149.0673370361328,2.588961601257324
2812,REF,9548584355158756459,1429,372.9425659179687,147.10830688476562,2.575742483139038
2813,REF,9548584355158756459,1431,372.76898193359375,146.2640380859375,2.5733165740966797
2926,REF,9548584355158756459,1721,561.09423828125,-129.94273376464844,3.3154382705688477
2927,REF,9548584355158756459,1722,562.72216796875,-131.7481231689453,3.309600830078125
2928,REF,9548584355158756459,1723,563.94580078125,-133.1083526611328,3.3058013916015625
2929,REF,9548584355158756459,1724,565.17236328125,-134.47325134277344,3.3017489910125732
2930,REF,9548584355158756459,1725,566.4007568359375,-135.8426055908203,3.297268867492676
2931,REF,9548584355158756459,1726,567.6312255859375,-137.21676635742188,3.292483329772949
2932,REF,9548584355158756459,1730,571.7412719726562,-141.82626342773438,3.2752792835235596
2933,REF,9548584355158756459,1731,573.3904418945312,-143.68374633789062,3.268016576766968
2983,REF,9548584355158756459,1528,381.489990234375,52.55281448364258,2.9195475578308105
2984,REF,9548584355158756459,1529,382.1259765625,51.30159759521485,2.927891731262207
2985,REF,9548584355158756459,1530,382.6141662597656,50.36919021606445,2.9341206550598145
2986,REF,9548584355158756459,1536,386.1240234375,44.27558898925781,2.9742157459259033
2987,REF,9548584355158756459,1537,386.6885986328125,43.38224029541016,2.980360984802246
2988,REF,9548584355158756459,1538,387.2616271972656,42.4969482421875,2.98679780960083
2989,REF,9548584355158756459,1539,388.0404357910156,41.326419830322266,2.9958341121673584
2990,REF,9548584355158756459,1542,390.0574645996094,38.447303771972656,3.0183117389678955
2991,REF,9548584355158756459,1543,390.68017578125,37.59562301635742,3.024343490600586
2992,REF,9548584355158756459,1547,393.675537109375,33.686038970947266,3.04937744140625
2993,REF,9548584355158756459,1550,395.66510009765625,31.219743728637695,3.0636870861053467
3006,REF,9548584355158756459,1256,332.58917236328125,257.3857421875,2.107973098754883
3007,REF,9548584355158756459,1262,335.8092956542969,254.3134002685547,2.135533332824707
3008,REF,9548584355158756459,1266,337.9878845214844,252.2238922119141,2.1585693359375
3009,REF,9548584355158756459,1270,342.2584533691406,248.0863342285156,2.215989589691162
3010,REF,9548584355158756459,1346,375.4900207519531,197.1076507568359,2.2680509090423584
3011,REF,9548584355158756459,1348,375.75677490234375,195.8299560546875,2.2596700191497803
3012,REF,9548584355158756459,1350,376.01171875,194.5365295410156,2.2580134868621826
3013,REF,9548584355158756459,1353,376.4491882324219,192.1279754638672,2.284060478210449
3026,REF,9548584355158756459,1220,305.9949035644531,282.5794677734375,1.994644045829773
3027,REF,9548584355158756459,1221,307.2178649902344,281.42303466796875,1.99953293800354
3028,REF,9548584355158756459,1228,315.6372985839844,273.45770263671875,2.0328381061553955
3029,REF,9548584355158756459,1238,322.1203308105469,267.3190002441406,2.058762788772583
3030,REF,9548584355158756459,1246,326.8050842285156,262.87933349609375,2.0790441036224365
3031,REF,9548584355158756459,1250,329.23388671875,260.5752258300781,2.089743137359619
3032,REF,9548584355158756459,1254,331.5958251953125,258.3310241699219,2.1016314029693604
3244,REF,9548584355158756459,1485,368.2778625488281,95.84024047851562,2.673788785934448
3245,REF,9548584355158756459,1488,368.7101135253906,92.61396026611328,2.690486192703247
3246,REF,9548584355158756459,1489,368.86224365234375,91.6462173461914,2.696127653121948
3247,REF,9548584355158756459,1492,369.2563781738281,89.39647674560547,2.708474636077881
3248,REF,9548584355158756459,1493,369.4422607421875,88.4330062866211,2.7122890949249268
3249,REF,9548584355158756459,1494,369.7044067382813,87.15232849121094,2.716221570968628
3250,REF,9548584355158756459,1501,371.24176025390625,80.76099395751953,2.743183135986328
3251,REF,9548584355158756459,1507,372.98150634765625,74.68215942382812,2.7787320613861084
3252,REF,9548584355158756459,1510,373.8797302246094,71.78453826904297,2.7946298122406006
3253,REF,9548584355158756459,1516,376.05523681640625,65.32709503173828,2.835369110107422
3254,REF,9548584355158756459,1526,380.4196166992187,54.75844192504883,2.9049808979034424
3338,REF,9548584355158756459,1296,360.6669006347656,228.0387725830078,2.4762094020843506
3339,REF,9548584355158756459,1298,361.8123168945313,226.5144805908203,2.482012987136841
3340,REF,9548584355158756459,1302,363.94970703125,223.5018615722656,2.4840147495269775
3341,REF,9548584355158756459,1307,365.7626953125,220.746826171875,2.474844455718994
3342,REF,9548584355158756459,1308,366.1572265625,220.11802673339844,2.4717025756835938
3482,REF,9548584355158756459,1159,229.375732421875,354.8730163574219,2.3070573806762695
3483,REF,9548584355158756459,1161,231.8449554443359,352.5183410644531,2.2910573482513428
3484,REF,9548584355158756459,1162,233.45985412597656,350.97857666015625,2.2804481983184814
3492,REF,9548584355158756459,1446,369.9476623535156,132.58023071289062,2.5283656120300293
3493,REF,9548584355158756459,1447,369.8347778320313,131.96173095703125,2.527754545211792
3494,REF,9548584355158756459,1448,369.6246948242187,130.77029418945312,2.5273332595825195
3495,REF,9548584355158756459,1451,369.2753601074219,128.6407470703125,2.5280699729919434
3496,REF,9548584355158756459,1455,368.7140197753906,124.63933563232422,2.5471103191375732
3497,REF,9548584355158756459,1456,368.5997924804687,123.7049789428711,2.551888942718506
3560,REF,9548584355158756459,1445,370.1731872558594,133.7793731689453,2.5304551124572754
3562,REF,9548584355158756459,1462,368.0618591308594,118.37274932861328,2.5774383544921875
3563,REF,9548584355158756459,1463,367.985595703125,117.42292785644533,2.580673933029175
3564,REF,9548584355158756459,1466,367.7593078613281,113.91741943359376,2.5930285453796387
3565,REF,9548584355158756459,1467,367.7136535644531,112.95589447021484,2.597604751586914
3566,REF,9548584355158756459,1468,367.67529296875,111.9939193725586,2.6023285388946533
3567,REF,9548584355158756459,1473,367.5982666015625,107.80555725097656,2.6227128505706787
3568,REF,9548584355158756459,1474,367.605712890625,106.51342010498048,2.629333019256592
3569,REF,9548584355158756459,1477,367.6920471191406,103.2801742553711,2.6453490257263184
3570,REF,9548584355158756459,1481,367.8549499511719,100.3688735961914,2.655460834503174
3571,REF,9548584355158756459,1482,367.9544067382813,99.0749282836914,2.6596078872680664
3572,REF,9548584355158756459,1484,368.169677734375,96.81008911132812,2.6693437099456787
3573,REF,9548584355158756459,1487,368.5687255859375,93.57964324951172,2.68526291847229
3901,REF,9548584355158756459,1701,537.0562744140625,-103.82988739013672,3.418008804321289
3902,REF,9548584355158756459,1702,538.2408447265625,-105.09194946289062,3.4137768745422363
3903,REF,9548584355158756459,1704,541.0089721679688,-108.05160522460938,3.4035613536834717
3904,REF,9548584355158756459,1705,542.196533203125,-109.32632446289062,3.399412155151367
3905,REF,9548584355158756459,1714,553.3980102539062,-121.468017578125,3.3510756492614746
3906,REF,9548584355158756459,1719,558.6551513671875,-127.2459945678711,3.326866626739502
3907,REF,9548584355158756459,1727,569.2720336914062,-139.05389404296875,3.285717725753784
3908,REF,9548584355158756459,1729,570.5068969726562,-140.43899536132812,3.2804853916168213
4002,REF,9548584355158756459,1433,372.3547668457031,144.2835235595703,2.5689494609832764
4003,REF,9548584355158756459,1436,371.8053283691406,141.71034240722656,2.5575551986694336
4004,REF,9548584355158756459,1441,370.94378662109375,137.63890075683594,2.5313920974731445
4005,REF,9548584355158756459,1442,370.701904296875,136.45989990234375,2.5282716751098633
4006,REF,9548584355158756459,1443,370.5226745605469,135.57037353515625,2.527860641479492
4007,REF,9548584355158756459,1735,578.7706298828125,-149.7735137939453,3.242542028427124
4008,REF,9548584355158756459,1737,581.6777954101562,-153.08802795410156,3.2323882579803467
4026,REF,9548584355158756459,1532,383.7920227050781,48.21071243286133,2.9482192993164062
4027,REF,9548584355158756459,1533,384.3136596679687,47.29362487792969,2.954231023788452
4069,REF,9548584355158756459,1420,374.4788208007813,155.1068115234375,2.6421637535095215
4070,REF,9548584355158756459,1428,373.11328125,147.9486541748047,2.5808844566345215
4071,REF,9548584355158756459,1437,371.55908203125,140.55703735351562,2.5490148067474365
4072,REF,9548584355158756459,1438,371.37347412109375,139.68594360351562,2.5416979789733887
4188,REF,9548584355158756459,1356,376.6709289550781,190.79693603515625,2.3020217418670654
4189,REF,9548584355158756459,1357,376.8112487792969,189.90365600585935,2.3066346645355225
4190,REF,9548584355158756459,1361,377.1717834472656,187.19314575195312,2.32710862159729
4191,REF,9548584355158756459,1368,377.5661926269531,181.62808227539065,2.4460456371307373
4192,REF,9548584355158756459,1372,377.5799255371094,178.5413360595703,2.504230260848999
4193,REF,9548584355158756459,1376,377.52532958984375,176.86094665527344,2.532914638519287
4194,REF,9548584355158756459,1384,377.28753662109375,173.47314453125,2.5846893787384033
4195,REF,9548584355158756459,1388,377.1376647949219,172.00637817382812,2.6034741401672363
4196,REF,9548584355158756459,1390,377.0533142089844,171.27024841308594,2.6119842529296875
4197,REF,9548584355158756459,1394,376.8353576660156,169.54510498046875,2.628859281539917
4198,REF,9548584355158756459,1396,376.7339172363281,168.80166625976562,2.6346986293792725
4271,REF,9548584355158756459,1514,375.371826171875,67.26580047607422,2.822716236114502
4272,REF,9548584355158756459,1515,375.7100524902344,66.29568481445312,2.8291430473327637
4273,REF,9548584355158756459,1520,377.7747802734375,60.816463470458984,2.8638079166412354
4274,REF,9548584355158756459,1521,378.1677856445313,59.85382843017578,2.8702502250671387
4275,REF,9548584355158756459,1525,379.97760009765625,55.70743942260742,2.898773670196533
4310,REF,9548584355158756459,1511,374.2928771972656,70.49556732177734,2.801771640777588
4311,REF,9548584355158756459,1513,375.0408630371094,68.23503875732422,2.8161981105804443
4348,REF,9548584355158756459,1240,323.22119140625,266.2760314941406,2.0635595321655273
4349,REF,9548584355158756459,1244,325.7442321777344,263.885009765625,2.0745115280151367
4350,REF,9548584355158756459,1248,327.8551940917969,261.88336181640625,2.083585262298584
4351,REF,9548584355158756459,1258,333.8915710449219,256.14483642578125,2.118025064468384
4352,REF,9548584355158756459,1265,337.0590515136719,253.11618041992188,2.148343086242676
4353,REF,9548584355158756459,1272,344.0475769042969,246.330810546875,2.24261736869812
4369,REF,9548584355158756459,1276,346.6795959472656,243.71096801757812,2.28314208984375
4547,REF,9548584355158756459,1224,311.26470947265625,277.59539794921875,2.015765428543091
4548,REF,9548584355158756459,1225,312.8670349121094,276.0794372558594,2.0221900939941406
4549,REF,9548584355158756459,1230,316.8109436035156,272.34674072265625,2.037393569946289
4550,REF,9548584355158756459,1236,320.6316223144531,268.7290954589844,2.052467584609986
4571,REF,9548584355158756459,1643,477.02532958984375,-43.310752868652344,3.288663625717163
4572,REF,9548584355158756459,1649,482.6116333007813,-48.484981536865234,3.307751417160034
4573,REF,9548584355158756459,1650,484.0226135253906,-49.80955505371094,3.3126227855682373
4574,REF,9548584355158756459,1651,485.0844421386719,-50.81172561645508,3.316500663757324
4575,REF,9548584355158756459,1653,487.5711364746094,-53.178375244140625,3.326275110244751
4576,REF,9548584355158756459,1657,491.1488952636719,-56.63560485839844,3.343815803527832
4577,REF,9548584355158756459,1658,492.2245788574219,-57.68723678588867,3.348804473876953
4578,REF,9548584355158756459,1662,496.9118347167969,-62.333274841308594,3.3692333698272705
4579,REF,9548584355158756459,1666,500.1847839355469,-65.62824249267578,3.3795464038848877
4580,REF,9548584355158756459,1667,501.6373291015625,-67.1009521484375,3.3847498893737793
4581,REF,9548584355158756459,1670,504.9437561035156,-70.46947479248047,3.3951525688171387
4585,REF,9548584355158756459,1163,234.68898010253903,349.806884765625,2.2721664905548096
4586,REF,9548584355158756459,1164,235.92027282714844,348.63372802734375,2.264019012451172
4597,REF,9548584355158756459,1660,494.39154052734375,-59.82299041748047,3.359034776687622
4598,REF,9548584355158756459,1661,495.82659912109375,-61.24911117553711,3.3652701377868652
4673,REF,9548584355158756459,1691,525.34814453125,-91.49481964111328,3.4361164569854736
4674,REF,9548584355158756459,1692,526.5089111328125,-92.7065658569336,3.4332101345062256
4675,REF,9548584355158756459,1700,535.4830932617188,-102.15765380859376,3.4228744506835938
4676,REF,9548584355158756459,1703,539.4243774414062,-106.35550689697266,3.409409523010254
4677,REF,9548584355158756459,1706,543.7868041992188,-111.03622436523438,3.394475221633911
4678,REF,9548584355158756459,1707,544.9811401367188,-112.3234634399414,3.3908538818359375
4754,REF,9548584355158756459,1320,370.32464599609375,212.54022216796875,2.413797378540039
4755,REF,9548584355158756459,1325,371.4974670410156,209.94480895996097,2.3911850452423096
4756,REF,9548584355158756459,1331,373.0628662109375,205.935546875,2.357417106628418
4757,REF,9548584355158756459,1332,373.3404846191406,205.1275634765625,2.35074234008789
4758,REF,9548584355158756459,1333,373.5408325195313,204.52023315429688,2.34519624710083
4759,REF,9548584355158756459,1337,374.2175598144531,202.284912109375,2.323419094085694
4760,REF,9548584355158756459,1338,374.3875732421875,201.6724395751953,2.3169031143188477
4761,REF,9548584355158756459,1340,374.71148681640625,200.44235229492188,2.3034958839416504
4762,REF,9548584355158756459,1342,375.0656433105469,198.99530029296875,2.2873427867889404
4763,REF,9548584355158756459,1345,375.3518676757813,197.74139404296875,2.2737905979156494
4764,REF,9548584355158756459,1351,376.1749267578125,193.66635131835935,2.2654216289520264
4845,REF,9548584355158756459,1483,368.040283203125,98.10403442382812,2.663445234298706
4846,REF,9548584355158756459,1486,368.3956298828125,94.87195587158205,2.678499221801758
4847,REF,9548584355158756459,1491,369.0266723632813,90.6683349609375,2.702056407928467
4848,REF,9548584355158756459,1495,369.9122924804687,86.1903305053711,2.718961238861084
4849,REF,9548584355158756459,1496,370.2019958496094,84.91302490234375,2.7231922149658203
4850,REF,9548584355158756459,1497,370.4293518066406,83.95402526855469,2.7269527912139893
4851,REF,9548584355158756459,1499,370.9074401855469,82.03734588623047,2.7361645698547363
4860,REF,9548584355158756459,1504,372.03619384765625,77.88677215576172,2.759765148162842
4861,REF,9548584355158756459,1505,372.3135681152344,76.926513671875,2.765493869781494
4862,REF,9548584355158756459,1506,372.6919860839844,75.64432525634766,2.7729597091674805
4863,REF,9548584355158756459,1508,373.2759704589844,73.71783447265625,2.78409194946289
4864,REF,9548584355158756459,1534,384.8460693359375,46.38043212890625,2.9602954387664795
4865,REF,9548584355158756459,1540,388.6355895996094,40.4555778503418,3.00285267829895
4866,REF,9548584355158756459,1544,391.5214538574219,36.46849060058594,3.0320024490356445
4867,REF,9548584355158756459,1546,392.8056335449219,34.7933464050293,3.042515516281128
4868,REF,9548584355158756459,1551,396.55999755859375,30.133054733276367,3.070082664489746
4871,REF,9548584355158756459,1736,580.0157470703125,-151.19094848632812,3.2385518550872803
4872,REF,9548584355158756459,1739,582.9248657226562,-154.515869140625,3.2280185222625732
4873,REF,9548584355158756459,1740,584.172607421875,-155.94866943359375,3.22363018989563
4876,REF,9548584355158756459,1709,546.58056640625,-114.05106353759766,3.3855509757995605
4877,REF,9548584355158756459,1710,547.77587890625,-115.34612274169922,3.3810582160949707
4878,REF,9548584355158756459,1711,548.9827270507812,-116.65559387207033,3.376132011413574
4879,REF,9548584355158756459,1713,551.7888793945312,-119.71038055419922,3.361050844192505
4880,REF,9548584355158756459,1716,555.8208618164062,-124.1240463256836,3.33872389793396
4963,REF,9548584355158756459,1663,497.9978332519531,-63.42257308959961,3.3726694583892822
4964,REF,9548584355158756459,1664,499.08892822265625,-64.5208740234375,3.3759469985961914
4965,REF,9548584355158756459,1671,506.4150390625,-71.9740982055664,3.399770975112915
4966,REF,9548584355158756459,1672,507.5265502929687,-73.11213684082031,3.403376817703247
4967,REF,9548584355158756459,1680,513.8836059570312,-79.6370849609375,3.4255378246307373
4968,REF,9548584355158756459,1682,515.017333984375,-80.80294799804688,3.428629159927368
4969,REF,9548584355158756459,1684,517.2916259765625,-83.14544677734375,3.43502426147461
4970,REF,9548584355158756459,1686,519.9631958007812,-85.9034194946289,3.438071012496948
4971,REF,9548584355158756459,1690,523.80224609375,-89.8851547241211,3.4374639987945557
5001,REF,9548584355158756459,1552,397.2361450195313,29.318378448486328,3.07535982131958
5002,REF,9548584355158756459,1557,400.4177856445313,25.53744125366211,3.1074957847595215
5003,REF,9548584355158756459,1561,403.4154357910156,22.048362731933594,3.1428778171539307
5004,REF,9548584355158756459,1563,404.81585693359375,20.449249267578125,3.157644033432007
5005,REF,9548584355158756459,1565,406.46771240234375,18.59613800048828,3.17549729347229
5006,REF,9548584355158756459,1567,408.140625,16.760631561279297,3.1941163539886475
