SESSION_GUID,M_CURRENTLAPNUM,x,y,z,Speed,Throttle,Brake,Steer,Gear,OffTrack
1BF21BECE1C29DBFE0631718000AACA5,1,366.1691807687292,89.42430890420681,2.8146314147811995,206.0,1.0,0.0,-0.1813034296791411,5,False
1BF21BECE1C29DBFE0631718000AACA5,2,369.38441768502634,90.2062241090547,2.707094685369864,215.0,1.0,0.0,-0.1010641927186521,5,False
1BFBC46846891C71E0631718000A65FB,1,366.1691807687292,89.42430890420681,2.8146314147811995,206.0,1.0,0.0,-0.1813034296791411,5,False
21198A4F132E1402E0631218000AC59A,1,368.4932362372373,89.99015484365815,2.729430898605299,207.0,1.0,0.0,-0.151473606751586,5,False
21198A4F132E1402E0631218000AC59A,2,367.66329491969344,89.78701324338935,2.755844108812408,213.0,1.0,0.0,-0.2484151768887749,5,False
211B5DC56375BBD0E0631218000AAA6D,1,367.6663275486716,89.78740117847167,2.755805459164508,213.0,1.0,0.0,-0.1234244543595008,5,False
211B5DC56375BBD0E0631218000AAA6D,2,370.38066696806897,90.4498201321041,2.6790202182308582,191.0,1.0,0.0,-0.0978828402156682,5,False
211C109D003DE77BE0631218000A20E7,1,369.04255150898007,90.12437666836125,2.7168654921810385,194.0,1.0,0.0,-0.1428906009572085,5,False
211C109D003DE77BE0631218000A20E7,2,366.70193602759895,89.55326027122837,2.7898441862694874,214.0,1.0,0.0,-0.2669578737935246,5,False
211C82236DA74918E0631218000A8592,1,369.1311171601079,90.14457578708813,2.7128601220444675,203.0,1.0,0.0,-0.1105106463121389,5,False
211C82236DA74918E0631218000A8592,2,369.19330743137954,90.16000996958542,2.712162804344642,203.0,1.0,0.0,-0.0759318402461838,5,False
211C82236DA74918E0631218000A8592,3,369.469495020616,90.22763185345144,2.698796802227676,220.0,1.0,0.0,-0.1974473173365994,5,False
211D33844084CBB8E0631218000A5F0C,1,368.43831467238965,89.97702425385177,2.7312341819830426,209.0,1.0,0.0,-0.0261270467589123,5,False
211D33844084CBB8E0631218000A5F0C,2,368.604490232882,90.0159079702406,2.724312554151635,213.0,1.0,0.0,-0.13642775535219,5,False
211D33844084CBB8E0631218000A5F0C,3,369.48837007026503,90.23178028270588,2.699174497197127,207.0,1.0,0.0,-0.0681609412983289,5,False
211D56EB09F3D3F8E0631218000A5C63,1,369.526570848931,90.24084524092818,2.6997818574323778,208.0,1.0,0.0,-0.1101755631726974,5,False
211D56EB09F3D3F8E0631218000A5C63,2,369.0884272819405,90.13511104678905,2.7146960790889736,191.0,1.0,0.0,-0.1011503428985455,5,False
211D56EB09F3D3F8E0631218000A5C63,3,368.534394217908,89.9992782849859,2.728752117563405,207.0,1.0,0.0,-0.0706123275824474,5,False
211D56EB09F3D3F8E0631218000A5C63,4,367.0365741427396,89.6362790804629,2.786959725796928,182.0,1.0,0.0,-0.2175351128993632,5,False
211D57789BB3E672E0631218000A3153,1,367.5753578752369,89.76773434663725,2.773810480701398,143.0,1.0,0.0,-2.464752e-10,4,False
211D57789BB3E672E0631218000A3153,2,369.5042380681113,90.23602399876509,2.696010869646829,218.0,1.0,0.0,-0.0687385737186386,5,False
211D57789BB3E672E0631218000A3153,3,368.9554594734325,90.101398032572,2.714135986822398,215.0,1.0,0.0,-0.1926961813139801,5,False
211D57789BB3E672E0631218000A3153,4,368.71479006476153,90.04317099159641,2.73457891725239,164.0,1.0,0.0,-0.2149203724170985,4,False
211D57789BB3E672E0631218000A3153,5,368.4508874534736,89.98041117228777,2.729981265676464,217.0,1.0,0.0,-0.1299344279401187,5,False
211D57789BB3E672E0631218000A3153,6,368.96672349803447,90.1040046764097,2.714339844736767,215.0,1.0,0.0,-0.0844355495805243,5,False
211E9E97957129FFE0631218000A92DC,1,368.0032148703866,89.8699919658656,2.7450455938874594,213.0,1.0,0.0,-0.1757923957082261,5,False
211E9E97957129FFE0631218000A92DC,2,369.6911497401241,90.2813112886245,2.6939731754281246,214.0,1.0,0.0,-0.1402621468379704,5,False
211F1AF19C8D82E9E0631218000A3A5B,1,367.8825256425006,89.84123442600976,2.745023494697018,220.0,1.0,0.0,-0.1231662047894729,5,False
211F7396F36ABA53E0631218000A9E99,1,367.1613268648457,89.66370868988528,2.771972601230328,213.0,1.0,0.0,-0.2035991861484943,5,False
211F7396F36ABA53E0631218000A9E99,2,369.21144527614865,90.16443535581521,2.7082908490587414,212.0,1.0,0.0,-0.1831406941694057,5,False
211F7396F36ABA53E0631218000A9E99,3,369.6010331661727,90.25955742408576,2.6960329155237623,207.0,1.0,0.0,-0.0283256504001493,5,False
211F74981597D869E0631218000A3CD3,1,367.61627192970593,89.7770537144615,2.7642673251685865,190.0,0.8022105034503416,0.0,-0.330775354451195,5,False
211F74981597D869E0631218000A3CD3,2,371.1626925895438,90.6382909605344,2.6654380497403367,188.0,1.0,0.0,-0.0230748978607247,5,False
21210BD3721D40EBE0631218000A96F7,1,367.7360487085917,89.80461461765955,2.7539901416004886,217.0,1.0,0.0,-0.0942398171811885,5,False
21210BD3721D40EBE0631218000A96F7,2,369.41522658511576,90.21484306902317,2.70077002159688,211.0,1.0,0.0,-0.0716697713842477,5,False
21210BD3721D40EBE0631218000A96F7,3,367.23540569214623,89.68387756496911,2.769673924590696,212.0,1.0,0.0,-0.1787952118746652,5,False
21210BE84D65411EE0631218000A7965,1,368.7498146889404,90.0526821407299,2.7223561494385846,214.0,1.0,0.0,-0.1203273012115539,5,False
21210BE84D65411EE0631218000A7965,2,369.10361639095254,90.13850885705102,2.7108818366557736,215.0,1.0,0.0,-0.1226527193773396,5,False
21210BE84D65411EE0631218000A7965,3,368.070277420932,89.88751516392622,2.742661956126097,207.0,1.0,0.0,-0.223241958225136,5,False
21210D2271775E99E0631218000ADC94,1,368.87545127752344,90.08232495623521,2.7205107828762314,198.0,1.0,0.0,-0.1109335079855611,5,False
21210D2271775E99E0631218000ADC94,2,368.4039719805754,89.96831672053075,2.734193152049677,197.0,1.0,0.0,-0.0848874075908507,5,False
21210D2279275E99E0631218000ADC94,1,368.8439501595072,90.07501511152877,2.7173473876884695,216.0,1.0,0.0,-0.1871276431285203,5,False
21210D2279275E99E0631218000ADC94,2,368.4063878403789,89.96923435577597,2.7382173934092915,183.0,1.0,0.0,-0.1652695237702606,5,False
21210D2279275E99E0631218000ADC94,3,369.18736075807413,90.15827765213815,2.707701385534551,213.0,1.0,0.0,-0.1000934370753297,5,False
2123408F2C4B88E5E0631218000A651D,1,368.8826001548314,90.08459619546385,2.717090614048369,217.0,1.0,0.0,-0.1177796444823668,5,False
2123408F2C4B88E5E0631218000A651D,2,369.10119228120016,90.13756595425885,2.7126973148110407,206.0,1.0,0.0,-0.1142812134787484,5,False
2123408F2C4B88E5E0631218000A651D,3,366.8206547342869,89.58387527010183,2.786032181982181,209.0,1.0,0.0,-0.1952285940036444,5,False
2123408F2C4B88E5E0631218000A651D,4,367.86724258050685,89.83710368086653,2.749648070602568,209.0,1.0,0.0,-0.0989226726182762,5,False
212340C6225C89A4E0631218000A5657,1,369.8354252294674,90.31668441623212,2.6899475137288897,206.0,1.0,0.0,-0.1671945619559935,5,False
212340C6225C89A4E0631218000A5657,2,369.2442567353972,90.17255505922398,2.7077039650452295,207.0,1.0,0.0,-0.204653887881696,5,False
212340C6225C89A4E0631218000A5657,3,369.8065019282048,90.30989740545101,2.6907409505981006,212.0,1.0,0.0,-0.1275589276396296,5,False
212340C6225C89A4E0631218000A5657,4,368.469691932696,89.9842605920001,2.7322170432129056,206.0,1.0,0.0,-0.158736824895352,5,False
2129C22A37945EDFE0631218000A629C,1,368.2939556628892,89.94197520976249,2.736607849102789,199.0,1.0,0.0,-0.0479685920619979,5,False
2129C22A37945EDFE0631218000A629C,2,369.2926585413276,90.18417525564028,2.702971565900786,217.0,1.0,0.0,-0.1101875665627519,5,False
212EDE1C166A7E72E0631218000AE3B4,1,368.617690641834,90.01955565666132,2.728529517515067,197.0,1.0,0.0,-0.1182847669497707,5,False
212F4920E1E312BFE0631218000A84D4,2,366.3584902841008,89.47146918789652,2.816310366284649,119.0,0.4111247444625912,0.0,-0.0909478822714878,2,False
212F91F4D2505DA4E0631218000AB2B2,2,388.1953496486104,94.15233982275527,2.602927985682913,96.0,0.7062258930596904,0.0,0.4125685784623094,2,True
212F91F503F15DA4E0631218000AB2B2,2,368.14066375596514,89.90416551297885,2.743127768233281,200.0,1.0,0.0,-0.0884300761534849,5,False
21E537C9459C37D7E0631618000A23BC,1,370.16807993620733,90.39819126751982,2.68503294899841,185.0,1.0,0.0,-0.0775179443562386,4,False
21E588C8CEBFA27DE0631618000A60EF,1,366.1725199888577,89.42542463354046,2.811165461441623,194.0,1.0,0.0,-0.1144214688616264,5,False
21E588C8CEBFA27DE0631618000A60EF,2,369.4985370481612,90.23386347977454,2.7028159811510286,197.0,1.0,0.0,-0.103079829085955,5,False
21E5DA438719EB39E0631618000A39F5,1,373.1439336558828,90.79177264288118,2.648548178868104,167.0,0.3168287404823373,0.0,-0.0444049462077443,4,True
21E5DA438719EB39E0631618000A39F5,2,374.320405964412,91.05497963343,2.6265253026107738,145.0,1.0,0.0,-0.062931052914301,4,True
21E5DB29ECE0F4A7E0631618000AA435,1,368.3039630575224,89.94384801038643,2.7353213580628446,205.0,1.0,0.0,-0.0859002356953609,5,False
21E69FCA31352139E0631618000A0C2E,1,369.359540293001,90.20046489736632,2.70420691687397,204.0,1.0,0.0,-0.0958376949848398,5,False
21E734185A94C7C2E0631618000A177B,1,371.8406710135335,90.80471312307623,2.6555636375401166,170.0,1.0,0.0,-0.0268363839662238,4,True
21E734185A94C7C2E0631618000A177B,2,369.23892845917567,90.17134985566183,2.713081831310999,190.0,1.0,0.0,-0.2066108641452929,5,False
21E73427E928C800E0631618000A5A42,1,370.97709513460575,90.59527191276328,2.680229352851956,141.0,1.0,0.0,0.0805265012025852,4,False
21E73427E928C800E0631618000A5A42,2,369.26869541114127,90.17933732160697,2.709135560458983,186.0,1.0,0.0,0.0384669522052378,5,False
21E73427E928C800E0631618000A5A42,3,368.76265965337336,90.05594556227975,2.723609837500945,201.0,1.0,0.0,-0.1266049815584783,5,False
21E73427E928C800E0631618000A5A42,4,371.8079608954724,90.74633667033552,2.6559018465835167,179.0,1.0,0.0,-0.0627021039885025,4,True
21E73427E928C800E0631618000A5A42,5,371.2749263252799,90.66677860650489,2.6644452489267185,169.0,1.0,0.0,0.0316316976387963,4,False
21E7AD6328361951E0631618000AAFC3,1,366.7831214000463,89.5747395630862,2.790449687239179,182.0,1.0,0.0,-0.1091638715958207,4,False
21E7AD6328361951E0631618000AAFC3,2,368.7880271261052,90.0611746026564,2.72322631732438,198.0,1.0,0.0,-0.1041910937012628,5,False
21E7AD6328361951E0631618000AAFC3,3,368.81719901658823,90.0687214087577,2.7249495853665726,181.0,1.0,0.0,-0.0665290028328809,4,False
21E89F781BCA9A51E0631618000A1D34,1,367.38902680548927,89.72151059757876,2.7685794230155376,205.0,1.0,0.0,-0.1702163502004662,5,False
21F8D348AF4016BBE0631618000ADA29,1,367.3716098249304,89.7171163369989,2.776402595460252,170.0,0.609339232682673,0.0,-0.1057402740278356,4,False
21F8D348EE1316BBE0631618000ADA29,1,368.2545895121997,89.93236817264217,2.734695123906222,220.0,1.0,0.0,-0.1465659012033053,5,False
21F8FE8E7C428FE9E0631618000A3D64,2,372.0730404273693,90.60001589211937,2.65960940152672,159.0,1.0,0.0,-0.1754269064832423,4,True
21F8FE8ECDDF8FE9E0631618000A3D64,2,370.68685480288406,90.52381798713854,2.682901226228653,134.0,0.5559014081954956,0.0,-0.0594802883378293,3,False
21F8FE8F11D68FE9E0631618000A3D64,2,369.10585140203926,90.13874341187523,2.7171873692066537,187.0,1.0,0.0,-0.0633720681207117,4,False
21F8FE8F85418FE9E0631618000A3D64,1,377.90654148038254,91.85550386568816,2.5548430615167046,111.0,0.2620602101927564,0.0,-0.0242817665077997,3,True
21F8FE8F85418FE9E0631618000A3D64,2,369.7664237033477,90.29959267734095,2.7011571835816977,160.0,0.5720429134217839,0.0,-0.1329472508545032,4,False
21F8FE8F9D448FE9E0631618000A3D64,2,371.4003973828469,90.69639844039622,2.660808628095684,192.0,0.8734389215760155,0.0,-0.0734501007171789,5,False
21F8FE9583608FF8E0631618000AC3E6,1,372.5844638646517,90.67012131581,2.6523741568190373,179.0,0.8777309315000569,0.0,-0.0283744614122309,5,True
21F8FE95990C8FF8E0631618000AC3E6,2,365.2229377044401,89.19407945777553,2.8549362196487986,149.0,0.2577947063223202,0.0,-0.3247161517199528,4,False
21F8FE95B7888FF8E0631618000AC3E6,1,379.2319554772293,92.14821698330493,2.541759198430724,154.0,0.4465507965886359,0.0,-0.7115215333986312,4,True
21F8FE95B7888FF8E0631618000AC3E6,2,368.40083370741746,89.967248975324,2.7353214420191083,194.0,1.0,0.0,-0.1055418604534866,5,False
21F8FE964F198FF8E0631618000AC3E6,2,369.9942112020405,90.35593210719024,2.6947426712416567,163.0,1.0,0.0,-0.0848584651264218,4,False
21F8FE9682418FF8E0631618000AC3E6,2,370.23314868309313,90.41219090733004,2.6803883762101997,210.0,0.9880064129829408,0.0,-0.1919959234830017,5,False
21F8FE9696CB8FF8E0631618000AC3E6,1,368.8075219924001,90.06586934932291,2.724103970245894,187.0,0.9147688624263728,0.0,-0.1195326574700007,4,False
21F8FE9CE83E9002E0631618000ADFE9,1,368.47043066074906,89.98437515473383,2.7331378548015524,196.0,1.0,0.0,-0.1244757908454115,5,False
21F8FE9CE83E9002E0631618000ADFE9,2,369.21861560873486,90.16567292445164,2.7096149037019406,203.0,1.0,0.0,-0.0709292183799143,5,False
21F8FE9DB0D39002E0631618000ADFE9,1,372.30318456767134,90.60470962101418,2.6580789597119887,156.0,0.1826755738661368,0.0,-0.0522794800609894,4,True
21F8FE9DB0D39002E0631618000ADFE9,2,370.73085443026093,91.51802025457056,2.6712197850613664,272.0,0.0,0.5297777195352767,0.0271453987055773,7,False
21F8FE9DC7F99002E0631618000ADFE9,1,360.4784230606834,88.04004300046684,3.0029772487313555,116.0,1.0,0.0,-0.4181861121212869,3,False
21F8FE9F13369002E0631618000ADFE9,1,369.39817816049145,90.21042644930768,2.720766474039984,121.0,0.2346572779616277,0.0,-0.0826292726797831,3,False
21FB38FD822013AAE0631618000AB391,1,368.20455646223047,89.9182799986859,2.736551277980396,215.0,1.0,0.0,-0.1187166324412891,5,False
21FB38FD822013AAE0631618000AB391,2,368.35302126431134,89.95464814014925,2.735105762820272,209.0,1.0,0.0,-0.1205174773931503,5,False
21FB38FD93A913AAE0631618000AB391,1,371.72759067743294,90.77619535840716,2.6538574328822384,196.0,1.0,0.0,-0.0247358856612277,5,True
21FB38FDB84713AAE0631618000AB391,1,368.08600501214306,89.89050730089218,2.7456277752935363,198.0,0.9199181332728265,0.0,-0.1374805021917235,5,False
21FB38FDC9BF13AAE0631618000AB391,1,367.15759467202486,89.66473639916994,2.7821803203735556,171.0,0.6877851486206055,0.0,-0.0971130834841902,4,False
21FB39045C4913B5E0631618000A0046,1,368.7682894204768,90.05534991579421,2.728674421106166,175.0,1.0,0.0,-0.089721817465922,4,False
21FB39045C4913B5E0631618000A0046,2,365.05056111302224,89.15220124050346,2.8525318865076934,171.0,1.0,0.0,-0.0777142406392435,4,False
21FB3904996C13B5E0631618000A0046,2,371.439693372078,90.70711433046304,2.6634158722434993,175.0,0.7258003040967629,0.0,-0.0332652729570185,4,False
21FB3904EF0813B5E0631618000A0046,1,366.0733319097278,89.40148189443308,2.811339307238192,206.0,1.0,0.0,-0.1183876477701865,5,False
21FB3905273613B5E0631618000A0046,2,367.94936160545046,89.8579774670906,2.7633355588670434,117.0,0.2116836105756193,0.0,-0.0359606019786682,3,False
21FB390B137813BAE0631618000A2331,2,368.6570528428208,90.02959742153645,2.7399135403595487,156.0,1.0,0.0,0.2022309387415613,4,False
21FB390B27FE13BAE0631618000A2331,1,367.3951513627032,89.72329702699409,2.7666644782901844,208.0,1.0,0.0,-0.1537343501861896,5,False
22B2B88D2F652905E0631518000A807B,1,368.2495715162215,89.93127681393918,2.7369607432637393,213.0,1.0,0.0,-0.1599996176996615,5,False
22B2B88D37622905E0631518000A807B,1,367.88236739656435,89.83895907338217,2.749306295896537,214.0,1.0,0.0,-0.1922994003036994,5,False
22B37A31D27E11C4E0631518000ADE8D,1,369.17754245063225,90.15751003917516,2.712788717030993,189.0,1.0,0.0,-0.1543246624554375,5,False
22B37A377225A51AE0631518000A9050,1,368.8008826123212,90.06449534419095,2.721666954483412,210.0,1.0,0.0,-0.1976166438105632,5,False
22C13FBDA13655D6E0631518000AF1A7,1,369.64332552657544,90.26982054575734,2.6994206499942104,194.0,1.0,0.0,-0.0723418695309776,5,False
22C1CF8B77E21B69E0631518000AD164,1,369.5381480336257,90.2441750970888,2.7134822989400695,123.0,1.0,0.0,-0.0609852908933201,3,False
22C1CF8B7BAB1B69E0631518000AD164,1,369.37731700441486,90.20513881529685,2.7029267156963876,208.0,1.0,0.0,-0.0982802990085164,5,False
22C2C800BE346633E0631518000AF080,1,366.0729082412324,89.40152401437219,2.8140656520051506,202.0,1.0,0.0,-0.3185379648238017,5,False
22C59958CC57C14BE0631518000A95A9,1,368.5430187536165,90.00195761204826,2.7287084378662128,205.0,1.0,0.0,-0.1319860551821133,5,False
22D205FF26E37344E0631518000A3CA3,1,369.60878826258727,90.26173235591314,2.697488225276357,197.0,1.0,0.0,-0.0340862082542129,5,False
22D7F405360D9539E0631518000ABF76,1,369.5073633414818,90.23707463657897,2.700183917696256,211.0,1.0,0.0,-0.0808967373221054,5,False
22D7F9FCB2CEF433E0631518000A7226,1,368.4430582254408,89.97754708944808,2.729381182838168,214.0,1.0,0.0,-0.1956756249676376,5,False
22D7F9FCB2CEF433E0631518000A7226,2,369.33590864798543,90.19406601332226,2.7034867717295663,214.0,1.0,0.0,-0.0607500524404463,5,False
22D7F9FCB2CEF433E0631518000A7226,3,370.1352800119956,90.3905097300612,2.679735120713241,214.0,1.0,0.0,-0.1698571561828372,5,False
22D7F9FCB2CEF433E0631518000A7226,4,369.5491931625804,90.24691089546499,2.7009022470670443,201.0,1.0,0.0,-0.1640849849526435,5,False
22D9407C0E3D6319E0631518000A2270,1,368.467292042509,89.98312572046896,2.732107074868553,199.0,1.0,0.0,-0.0243333759952209,5,False
22D9407C0E3D6319E0631518000A2270,2,368.71225238425546,90.04436997461693,2.730319894717128,169.0,1.0,0.0,-0.0014908497996655,4,False
22D99BF7FB603A9AE0631518000A250C,1,369.5992797642599,90.2582674088822,2.69668782174224,211.0,1.0,0.0,-0.1177457689632587,5,False
22D99BF7FB603A9AE0631518000A250C,2,366.7892067393112,89.57596827024838,2.7866921929363837,210.0,1.0,0.0,-0.11786544843575,5,False
22DB44FA53B8F41DE0631518000A20E7,1,368.0353532261914,89.87902490497946,2.744262555516575,211.0,1.0,0.0,-0.0811249391858503,5,False
22DB44FA53B8F41DE0631518000A20E7,2,368.2775112194629,89.93614612825277,2.7358513731316227,212.0,1.0,0.0,-0.1547230486001889,5,False
22DB5DDBEBFB52C2E0631518000A0B7A,1,369.5554292749276,90.24795786172764,2.6990737077906073,207.0,1.0,0.0,-0.1549067341208212,5,False
22DB5DDBEBFB52C2E0631518000A0B7A,2,369.2774647068856,90.17981450448785,2.704565618735582,214.0,1.0,0.0,-0.1507467951502669,5,False
22DB5DDBEBFB52C2E0631518000A0B7A,3,368.77600973712913,90.05910456376957,2.7251259787559845,194.0,1.0,0.0,-0.1723756557111776,5,False
22DB5DDBEBFB52C2E0631518000A0B7A,4,369.4090430168092,90.21310525969255,2.7026182463037682,215.0,1.0,0.0,-0.1069069362672295,5,False
22DB5DDBEBFB52C2E0631518000A0B7A,5,368.8102873649421,90.06635427254946,2.7228942074583955,207.0,1.0,0.0,-0.1095182554809844,5,False
22DB5DDBEBFB52C2E0631518000A0B7A,6,368.496700355159,89.9905476972575,2.7283153393689323,214.0,1.0,0.0,-0.201495160379678,5,False
22DBC25CB36CB538E0631518000A50C3,1,370.2553264197839,90.41964266909667,2.6802869813472996,203.0,1.0,0.0,-0.0283218176437208,5,False
22DBC25CB36CB538E0631518000A50C3,2,368.432182089584,89.97427058588342,2.729817934850608,215.0,1.0,0.0,-0.1215645617975899,5,False
22E3F76BFE844531E0631518000A2690,1,369.9140682154909,90.33604654797223,2.690539189601696,205.0,1.0,0.0,-0.0519033143795018,5,False
22E3F76BFE844531E0631518000A2690,2,370.089106335377,90.37839110538793,2.6793919244114206,216.0,1.0,0.0,-0.0998957607211372,5,False
22E413B2B833D530E0631518000AA6C5,1,364.83054381146417,89.09978096568786,2.867298411301251,143.0,1.0,0.0,-0.0398308416284108,4,False
22E413B2B833D530E0631518000AA6C5,2,369.68646081278206,90.28013208184318,2.6929965157513553,206.0,1.0,0.0,-0.0455201502596807,5,False
22E612A720BC4861E0631518000AE1A7,1,368.6479332167464,90.02816523326585,2.7266197114184076,200.0,1.0,0.0,-0.0982292154134239,5,False
22E612A720BC4861E0631518000AE1A7,2,370.1425873106132,90.39183631873433,2.684275231052434,197.0,1.0,0.0,-0.0333740773227961,5,False
22E612A720BC4861E0631518000AE1A7,3,369.5870205888576,90.25548501266947,2.696929679175212,214.0,1.0,0.0,-0.1298485028902337,5,False
22E612A720BC4861E0631518000AE1A7,4,368.86536676526646,90.07866230840268,2.7184225584573793,212.0,1.0,0.0,-0.1842211263431251,5,False
22E612A733AD4861E0631518000AE1A7,1,369.3754174975044,90.20510680751777,2.7040063943750283,210.0,1.0,0.0,-0.1784361443889852,5,False
22ED4A2634EAE233E0631518000AE082,1,368.9224966914276,90.09496786546899,2.7261853571524806,168.0,1.0,0.0,-0.0569779501061327,4,False
22ED4A2634EAE233E0631518000AE082,2,370.42244893109,90.45844983753152,2.673780021037525,213.0,1.0,0.0,-0.0883858280866283,5,False
22ED4A2634EAE233E0631518000AE082,3,370.0548047595144,90.37030385679616,2.684927339941205,209.0,1.0,0.0,-0.0934510530122128,5,False
22ED4AB85371E74AE0631518000A7DE7,1,369.729378396164,90.2904293904036,2.693316580681581,201.0,1.0,0.0,-0.1190514059356966,5,False
22ED4AB85371E74AE0631518000A7DE7,2,370.4610800482656,90.46879445536388,2.672463745690323,214.0,1.0,0.0,-0.1130683815281784,5,False
22EF3B222B795C63E0631518000AFD69,1,368.7548251786636,90.05437952365784,2.7242342279766487,199.0,1.0,0.0,-0.1118183146338546,5,False
22EF3B222B795C63E0631518000AFD69,2,368.3938938987654,89.96400497557033,2.7333916250026,205.0,1.0,0.0,-0.2134248610329896,5,False
22FB43474798B8E2E0631518000ADFE6,1,375.0390559445668,91.21553280540036,2.6066138437478847,162.0,1.0,0.0,-0.0587917665956213,4,True
22FBD534CF568CF5E0631518000AEDCF,1,369.2520290019457,90.17513387358,2.7075624070371886,209.0,1.0,0.0,-0.0994154447179299,5,False
22FBD534CF568CF5E0631518000AEDCF,2,366.9987259385008,89.62670898437499,2.7877049460914565,178.0,1.0,0.0,-0.2305227292481786,5,False
22FC3DB008280EC9E0631518000A8940,1,370.3177370717041,90.43423678614052,2.68463316376374,165.0,1.0,0.0,-0.050146597169096,4,False
22FC3DB008280EC9E0631518000A8940,2,369.0780461086904,90.13280925038926,2.7151927338786823,177.0,1.0,0.0,-0.0347409982710185,4,False
22FC3DB008280EC9E0631518000A8940,3,368.0561181384472,89.88345368381174,2.745625630818987,190.0,1.0,0.0,-0.0424987876817433,5,False
22FC3DB008280EC9E0631518000A8940,4,367.9608825285322,89.86160237746371,2.7471349204345006,210.0,1.0,0.0,-0.1552185577825076,5,False
22FD20C3295B2EF6E0631518000AFA14,1,367.3836722637146,89.72031369097846,2.769885322939762,191.0,1.0,0.0,-0.1895830667588049,5,False
22FD20C3295B2EF6E0631518000AFA14,2,367.86852315920254,89.83770070061917,2.7510482155806986,198.0,1.0,0.0,-0.0480293147252978,5,False
230073DF7BE89BE2E0631518000A9140,1,366.2722975602251,89.4499665716377,2.8060047151116114,196.0,1.0,0.0,-0.018544271690319,5,False
230073DF7BE89BE2E0631518000A9140,2,367.2906688324028,89.6982776342262,2.770729356702501,198.0,1.0,0.0,-0.111621364264588,5,False
230079048A35DE1FE0631518000A10AC,1,366.3553383264068,89.47012544453251,2.8004112010629703,205.0,1.0,0.0,-0.1019851033478373,5,False
230079048A35DE1FE0631518000A10AC,2,369.4527312673864,90.22374036030445,2.7014973504769424,204.0,1.0,0.0,-0.0871809034076784,5,False
240617A47493B160E0631418000AB4A4,1,369.0659734442877,90.12988365629072,2.7260583992722744,152.0,0.4501106142997741,0.0,-0.1351024815560829,4,False
240617A47493B160E0631418000AB4A4,2,369.04914136552947,90.12579703264083,2.7278246185955766,146.0,0.4837469200841504,0.0,-0.193234335035225,4,False
240617A47493B160E0631418000AB4A4,3,369.2117150663932,90.16496015400729,2.720641596892628,143.0,0.5233844518661499,0.0,-0.0608445286984843,3,False
240617A775A7B16CE0631418000ABE74,1,369.5669337771161,90.25156710504922,2.7077882160252122,155.0,0.7538709125713738,0.0,-0.0401535991192428,4,False
240617A775A7B16CE0631418000ABE74,2,367.9637451583401,89.86178587691398,2.752655857446634,178.0,0.8734111785888672,0.0,-0.0913925179668047,4,False
240617AB6201B172E0631418000AE706,1,367.4274234897636,89.7303727183897,2.7670044753578735,200.0,1.0,0.0,-0.1021845921703706,5,False
240617AB6201B172E0631418000AE706,2,368.3722377237327,89.96094477559383,2.739316039930201,172.0,0.9797950123351478,0.0,-0.0373379534462579,4,False
240617AB6201B172E0631418000AE706,3,368.2854862666202,89.93882628434794,2.737223320479535,205.0,0.8830342552421802,0.0,-0.1264593233508623,5,False
240617AB6201B172E0631418000AE706,4,369.02988573503666,90.11991065461632,2.7114439913893302,215.0,1.0,0.0,-0.1980273954923727,5,False
240617AB6201B172E0631418000AE706,6,370.9352361505682,90.5840210281052,2.6757700393249935,153.0,1.0,0.0,-0.0437047914504171,4,False
240617AB6201B172E0631418000AE706,7,368.8131183020338,90.066717816737,2.7218182317877737,204.0,1.0,0.0,-0.1650093873302062,5,False
240617AB6201B172E0631418000AE706,8,368.39369302980134,89.96546482628243,2.7331574917789476,206.0,1.0,0.0,-0.2041812542959513,5,False
240617AB6201B172E0631418000AE706,9,367.60020919125026,89.77203691294801,2.766225488651836,194.0,0.1454199817185735,0.0,-0.2120430424448086,5,False
240617AB6201B172E0631418000AE706,10,368.8798572057965,90.08480037918189,2.7194013038357556,213.0,1.0,0.0,-0.0833261350876298,5,False
240617AB6201B172E0631418000AE706,11,369.1649200352509,90.15265007779809,2.7130084815527975,191.0,1.0,0.0,-0.198598962309014,5,False
240617AB6201B172E0631418000AE706,12,367.5952234360778,89.76952354653366,2.75855958808973,199.0,1.0,0.0,-0.1752691402018648,5,False
240617AB6201B172E0631418000AE706,13,366.9051176857135,89.60323302702017,2.7836179589349137,213.0,1.0,0.0,-0.2097379850355658,5,False
240617AB6201B172E0631418000AE706,14,366.0994938916938,89.40498971939087,2.812577094622823,192.0,1.0,0.0,-0.1115057436955096,5,False
240617AB6201B172E0631418000AE706,15,368.5105037738241,89.99068746100967,2.7293235869517978,214.0,1.0,0.0,-0.1415626883774919,5,False
240617AB6201B172E0631418000AE706,16,368.1182889711888,89.8974229113093,2.7467860903463137,211.0,0.0,0.0,-0.2939632284334592,5,False
240617AB6201B172E0631418000AE706,17,368.5626806014624,90.0073991824419,2.7257035169845967,213.0,1.0,0.0,0.0016767566354993,5,False
240617AB6201B172E0631418000AE706,18,369.60670364635615,90.25738383138646,2.6996525893997214,195.0,1.0,0.0,-0.1044140272518859,5,False
240617AB6201B172E0631418000AE706,19,369.4943270115037,90.23067373562353,2.6991722321263247,210.0,1.0,0.0,-0.0780316390521785,5,False
240617AB6201B172E0631418000AE706,20,368.4495289078176,89.97585765129881,2.732630605743231,202.0,1.0,0.0,-0.1474608201024636,5,False
240617AB6201B172E0631418000AE706,21,369.08263154977857,90.13544321484665,2.7167238679767007,183.0,1.0,0.0,-0.0082361471316934,4,False
240617E95F99B5B8E0631418000A9B65,1,368.74397079571753,90.0516677681793,2.7318222954394806,176.0,0.539131760597229,0.0,-0.215510718956816,4,False
240617E95F99B5B8E0631418000A9B65,2,367.1549665361516,89.664530739167,2.774881623717155,194.0,1.0,0.0,-0.1057662844159779,5,False
240617E95F99B5B8E0631418000A9B65,3,367.6381242540147,89.78099503340545,2.759063082712668,208.0,1.0,0.0,-0.1167126346931413,5,False
240618447C59C782E0631418000A6FCA,1,371.2688124659224,90.66505856242317,2.6606521629147704,195.0,1.0,0.0,0.0118162063899432,5,False
240618447C59C782E0631418000A6FCA,2,370.27322099870656,90.42301515304922,2.680616518486304,202.0,1.0,0.0,-0.0343478073344182,5,False
240618447C59C782E0631418000A6FCA,3,369.2904391452741,90.18367400526277,2.7079024279511463,201.0,1.0,0.0,-0.0895876657024317,5,False
2413BB6D8895C2B7E0631418000AA98A,1,369.8520300733129,90.32045133198771,2.6969926762832848,143.0,1.0,0.0,-0.321750093902695,3,False
2413BB6D8895C2B7E0631418000AA98A,2,365.66641999299753,89.30284015425191,2.837122388115114,158.0,1.0,0.0,-0.1811283977809799,4,False
2413BBA91919C73CE0631418000A39C3,1,368.2800943353843,89.93743559314659,2.7335524990656443,175.0,1.0,0.0,-0.0619858039263578,4,False
2413BBA91919C73CE0631418000A39C3,2,369.56946025158544,90.25153314850385,2.6962461476869577,183.0,1.0,0.0,-0.1076551172266739,4,False
2413BBA91919C73CE0631418000A39C3,3,369.0713600163511,90.13035011893952,2.7037412151835496,217.0,1.0,0.0,-0.1101483402541936,5,False
2413BC92EB7ACDA2E0631418000AFBFC,1,371.08260213597566,90.62055897273245,2.677020009918175,139.0,0.4080351128045343,0.0,-0.1752935293342495,3,False
2413BC92EB7ACDA2E0631418000AFBFC,2,369.91991355513034,90.33697069142819,2.6945734739881946,181.0,0.8139467239379883,0.0,-0.0395556670339177,4,False
24145536B084D7CFE0631418000A3C46,1,371.8437587227127,90.78338518779475,2.6435835518812767,195.0,1.0,0.0,-0.0544168531810315,5,True
24145536B084D7CFE0631418000A3C46,2,371.228267971748,90.65608895936131,2.655153842915913,195.0,1.0,0.0,-0.055362332136341,5,False
2414894F09017C10E0631418000AA639,1,373.41457362527814,90.85261786350473,2.6337527277794646,157.0,1.0,0.0,-0.015473362740362,4,True
241635843C65DD5CE0631418000A0F21,1,371.92099500430953,90.61835084108137,2.653911808632445,148.0,0.9620407609538634,0.0,-0.0429957485560077,4,True
241635843C65DD5CE0631418000A0F21,2,375.23553439891185,91.2586408997805,2.5964292753134504,124.0,0.7572382909870071,0.0,0.4440577133928681,3,True
241635843C65DD5CE0631418000A0F21,3,367.8189628532341,89.82682057973501,2.7688991851634808,82.0,1.0,0.0,0.8637197382815249,1,False
2416ACD48C5F1DC8E0631418000A5E8A,1,369.1597174245142,90.1523651982941,2.7121524444787037,152.0,1.0,0.0,-0.1062374354898554,4,False
2416B1DFFC8B5B9AE0631418000A7B9F,1,368.09369599859184,89.8934600957741,2.736138301185621,192.0,1.0,0.0,-0.0711682521229803,5,False
2416B1DFFC8B5B9AE0631418000A7B9F,2,369.85785179977046,90.32223845718958,2.685357166811729,181.0,1.0,0.0,-0.122936724165494,4,False
2416B1DFFC8B5B9AE0631418000A7B9F,3,370.04271992683726,90.3672874220104,2.6775875197657317,203.0,1.0,0.0,-0.0732110153892356,5,False
2416D90E4C467872E0631418000A832C,1,371.01421112823135,90.6040164544869,2.6659246134968457,171.0,1.0,0.0,0.0382870580948911,4,False
2416D90E4C467872E0631418000A832C,2,369.6604869224725,90.27455210747021,2.6928797494476435,184.0,1.0,0.0,-0.1555881340917182,5,False
2416D90E4C467872E0631418000A832C,4,370.14584969981297,90.3921063644651,2.6759094218399344,195.0,1.0,0.0129104070365428,-0.0566191992868151,5,False
2416D90E4C467872E0631418000A832C,5,367.2656362315836,89.69062619143969,2.770052959494395,161.0,1.0,0.0,-0.6366363574380743,4,False
2416D90E4C467872E0631418000A832C,6,369.4973038414971,90.2341603950726,2.6974780304159385,169.0,1.0,0.0,-0.1011782761612575,4,False
2419F2EDDA7BDE23E0631418000AB9A6,1,368.55219822160024,90.00349823243076,2.7212097206273413,215.0,1.0,0.0,-0.0849624760399328,5,False
2419F2EDE22EDE23E0631418000AB9A6,1,367.44723822744794,89.7348158263878,2.7611000675396062,187.0,1.0,0.0,-0.0748904536776609,5,False
2419F2EDE22EDE23E0631418000AB9A6,2,369.3727809353432,90.20460372810157,2.698853685912939,194.0,1.0,0.0,0.2034017421967829,5,False
241A214DC11E52D1E0631418000A4600,1,367.47534445220555,89.74283190629806,2.75760538838138,201.0,1.0,0.0,-0.0963022844932593,5,False
241A214DC11E52D1E0631418000A4600,2,368.6700446083142,90.03348615359955,2.7171900805573874,215.0,1.0,0.0,-0.1073828474972575,5,False
241A214DC11E52D1E0631418000A4600,3,367.3239777493737,89.7057283511074,2.763921035038901,184.0,1.0,0.0,-0.0354435099774941,4,False
241A214DC6D452D1E0631418000A4600,1,368.8287303138485,90.07182608285487,2.711530880580555,213.0,1.0,0.0,-0.07030291848231,5,False
246AB61EBAA8A12FE0631418000AD622,1,366.421586089486,89.48543671643903,2.800311341167403,197.0,1.0,0.0,-0.1165010783498109,5,False
246ABCC14029F19BE0631418000A0D25,1,369.2799977643774,90.18061889858424,2.707599988224309,209.0,1.0,0.0,-0.0831321712429506,5,False
2479A1B952955E4CE0631418000AD20C,1,370.2700160968943,90.42192596848673,2.6791545991405026,213.0,1.0,0.0,-0.1464026426836668,5,False
247BA200EB7E84E0E0631418000A9640,2,368.5586192991133,90.00558656361034,2.729529924878617,199.0,1.0,0.0,-0.1262415787801057,5,False
247BA250168985AEE0631418000AF125,1,367.54217729306765,89.75733996858416,2.7676723205872658,175.0,1.0,0.0,-0.2736174113347405,4,False
247BA250168985AEE0631418000AF125,2,369.32027946634497,90.19111276180186,2.7137374719406693,173.0,0.9629673030465208,0.0,-0.2973999011706798,4,False
24C03FB89BB4F145E0631418000AB0B6,1,369.38051881265005,90.2046265993685,2.703490681127682,196.0,1.0,0.0,-0.0579120233001205,5,False
24C03FB89BB4F145E0631418000AB0B6,2,369.6962417159992,90.28305361069144,2.70735814223746,171.0,1.0,0.0,-0.3947726688097998,4,False
24C03FB8ACCFF145E0631418000AB0B6,1,367.15233473615154,89.66159214699097,2.784507144419982,178.0,1.0,0.0,-0.7160385917221763,4,False
24C03FB8ACCFF145E0631418000AB0B6,2,368.7569031696664,90.05465175032334,2.727981394889873,173.0,1.0,0.0,-0.1736800421646796,4,False
24C03FB8ACCFF145E0631418000AB0B6,3,370.10552571701794,90.38126370674848,2.689182153853847,159.0,1.0,0.0,-0.0385916418449029,4,False
24C03FB8ACCFF145E0631418000AB0B6,4,369.9870643781383,90.35395945215056,2.688845312458886,172.0,1.0,0.0,-0.0121355142956912,4,False
24C03FB8ACCFF145E0631418000AB0B6,5,370.3627486425089,90.44431216192584,2.677020689105311,190.0,1.0,0.0,-0.0387194102960275,5,False
24C03FB8ACCFF145E0631418000AB0B6,6,368.71007011167455,90.0417309299592,2.728069644205032,170.0,1.0,0.0,-0.062983561896028,4,False
24C03FB8ACCFF145E0631418000AB0B6,7,370.84653790791833,90.56304405212401,2.6742027348279955,161.0,1.0,0.0,-0.0347400792424256,4,False
24C03FB8ACCFF145E0631418000AB0B6,8,372.3371043047148,90.61130105596146,2.65486856925758,153.0,1.0,0.0,0.0091553684210251,4,True
24C03FB8ACCFF145E0631418000AB0B6,9,371.34072332579296,90.68107326004198,2.6650983396508923,169.0,1.0,0.0,-0.0326346155546238,4,False
24C03FBB84C2E310E0631418000A3D93,1,367.2876744615453,89.69623694784617,2.768307367476453,211.0,1.0,0.0,-0.134665057041285,5,False
24C03FBB84C2E310E0631418000A3D93,2,368.5137306814608,89.99518300398536,2.7302030114376024,203.0,1.0,0.0,-0.2003486864420625,5,False
24C03FBB84C2E310E0631418000A3D93,3,368.7347125076977,90.04830363852706,2.7264363439224844,205.0,1.0,0.0,-0.2899490213426017,5,False
24C03FBB84C2E310E0631418000A3D93,4,368.9200926109178,90.09452246491021,2.7174877626656078,207.0,1.0,0.0,-0.098585723177392,5,False
24C6AA9DA090A820E0631418000A0FCC,1,368.3833553737064,89.9624418549872,2.735550626411845,203.0,1.0,0.0,-0.1700055100475801,5,False
24C6AA9DA090A820E0631418000A0FCC,2,366.0586788708716,89.39705974356755,2.812660069947832,205.0,1.0,0.0,-0.1688382294730422,5,False
24C6AA9DB114A820E0631418000A0FCC,1,366.5714421143436,89.52317174413798,2.810281805640324,102.0,0.7035548429182996,0.0,-0.0459523404105732,2,False
24C6AA9DB114A820E0631418000A0FCC,2,365.05261625412504,89.15336466636282,2.8630724724276466,122.0,0.4158296290683691,0.0,-0.2599446089559714,2,False
24C6AA9DC6A9A820E0631418000A0FCC,1,367.37195993321416,89.71807309701437,2.773974162364647,165.0,1.0,0.0,-0.0489236289764687,4,False
24C6AA9DC6A9A820E0631418000A0FCC,2,370.65845590627544,90.51732486399123,2.672948819605441,188.0,1.0,0.0,-0.1020987428280233,5,False
24C6AAA0AB850750E0631418000A33E2,2,366.57081858399056,89.52299205997767,2.810689226576145,107.0,0.3609979450702667,0.0,-0.0679081576398517,2,False
24C6AAA0AB850750E0631418000A33E2,3,365.9491400128045,89.37165581279652,2.834256986116715,92.0,0.2098387461324472,0.0,0.1458067644832042,2,False
24DC0B0D258CAD26E0631318000A4307,1,368.004950504178,89.87023118402205,2.7608192855115674,148.0,0.0,0.0,-0.2036200413209382,3,False
24DC0B0D258CAD26E0631318000A4307,2,360.36106069479575,88.01203368012688,2.9909576387331662,193.0,1.0,0.0,-0.1533047701533326,5,False
24DC0B105E5FB153E0631318000A00AC,1,365.81833091004233,89.34054928352522,2.8281456156395817,137.0,1.0,0.0,0.0784056849446476,3,False
24DC0B105E5FB153E0631318000A00AC,2,367.01174984630046,89.62877498315859,2.7824351753545713,185.0,1.0,0.0,-0.079220705887025,4,False
24DC0B105E5FB153E0631318000A00AC,3,364.68565795283473,89.0628854367921,2.860247481251072,197.0,1.0,0.0,-0.1102240541242746,5,False
24DC0C65466BBD44E0631318000AE5A7,1,370.5047917359463,90.47891062385939,2.674556974754141,211.0,1.0,0.0,-0.124028618624857,5,False
24DC0C65466BBD44E0631318000AE5A7,2,371.10430128984217,90.6261676192941,2.6770201629656047,139.0,1.0,0.0,0.1589950462184744,4,False
24DC0C65466BBD44E0631318000AE5A7,3,368.700397042135,90.04072928145939,2.7318771270895197,173.0,1.0,0.0,-0.0636795173226137,4,False
24DC38837A340381E0631318000A8139,1,371.8624914211179,90.8104935890723,2.6622755651014485,138.0,1.0,0.0,0.0645050394259804,3,True
24DC38837A340381E0631318000A8139,2,367.69928117870427,89.79753181908455,2.762840781460324,187.0,1.0,0.0,-0.1495542317831896,5,False
24DC38837A340381E0631318000A8139,3,367.6275836292614,89.7784283613725,2.7598469298969612,190.0,1.0,0.0,-0.0908481335856697,5,False
24DC38837A340381E0631318000A8139,4,370.2798711940301,90.42475589250967,2.681531239924819,183.0,1.0,0.0,-0.0689507021671891,4,False
24DC38837A340381E0631318000A8139,5,366.4359213961088,89.49007264944223,2.8079239373940688,181.0,1.0,0.0,-0.2094449556217743,5,False
24DC38837A340381E0631318000A8139,6,367.5666102318247,89.76618000200598,2.7740079302696663,108.0,1.0,0.0,-0.0575011110989151,2,False
24DC38837A340381E0631318000A8139,8,369.64013678340586,90.2701984825781,2.700982231709917,191.0,1.0,0.0,-0.2182783357862193,5,False
24DC38837A340381E0631318000A8139,9,366.16348299772847,89.42261670983356,2.8090970516204834,205.0,1.0,0.0,-0.1191339384278525,5,False
24DC38837A340381E0631318000A8139,11,365.81419241017306,89.3389881725969,2.8214283739698343,194.0,1.0,0.0,-0.0653496160139811,5,False
24DC38837A340381E0631318000A8139,13,365.1213867525645,89.17096069843156,2.8451096011000656,203.0,1.0,0.0,-0.0833018748115469,5,False
24DC6C52C76DD3BEE0631318000A4811,1,369.7880229472367,90.30468015087017,2.689571999529973,210.0,1.0,0.0,-0.0754257278068239,5,False
24DC6C52C76DD3BEE0631318000A4811,2,369.9039121715573,90.3328242521354,2.6885039427801143,209.0,1.0,0.0,-0.1206976264396504,5,False
24DC6C52C76DD3BEE0631318000A4811,3,367.5751804076391,89.76515194513719,2.7607839623139365,212.0,1.0,0.0,-0.2182208413111544,5,False
24DC6C52C76DD3BEE0631318000A4811,4,370.8764435356185,90.57011368429872,2.6723660663740167,170.0,1.0,0.0,-0.0426553211915187,4,False
24DC6C52C76DD3BEE0631318000A4811,5,368.07030786664575,89.88616242491229,2.7414694935140664,215.0,1.0,0.0,-0.1379888515053155,5,False
24E41D1EED6F8A2DE0631318000A477B,1,369.526713085414,90.24000638651005,2.7017582453547835,207.0,1.0,0.0,-0.252349550067218,5,False
24E41D1EED6F8A2DE0631318000A477B,2,369.17214384177106,90.1534418183644,2.7078964567721795,210.0,1.0,0.0,-0.1535011106177558,5,False
24E43EAA38694D56E0631318000A7C08,1,370.37286385515057,90.44774277359845,2.682166911883895,180.0,0.7734457419126637,0.0,-0.0965193963333452,4,False
24E43EAA38694D56E0631318000A7C08,2,369.77479816493377,90.30163956438729,2.696834044743795,189.0,0.9876296933831628,0.0,-0.0821588863984173,5,False
24E43EAA38694D56E0631318000A7C08,3,372.126268561276,90.58367076913812,2.6499200017377174,200.0,1.0,0.0,-0.0599240290484149,5,True
24E43EAA38694D56E0631318000A7C08,4,369.35779150372974,90.2008499244734,2.7108534927657573,188.0,1.0,0.0,-0.1680744748368773,5,False
24E43EAA38694D56E0631318000A7C08,5,370.0516002421477,90.36809623873965,2.6859105032317494,198.0,1.0,0.0,-0.1294825577006048,5,False
24E43EAA38694D56E0631318000A7C08,6,369.53973837459785,90.245631386252,2.6992972107494575,212.0,1.0,0.0,-0.1408035709139178,5,False
24E43EAA38694D56E0631318000A7C08,7,369.68782669297616,90.28046057221005,2.6976789044745177,197.0,1.0,0.0,-0.0878752102444283,5,False
24E43EAA38694D56E0631318000A7C08,8,371.29087538215975,90.6694553461506,2.6579665317008243,212.0,1.0,0.0,-0.0997644377937868,5,False
24E43EAA38694D56E0631318000A7C08,9,369.29802046827297,90.18626754878419,2.707134590357312,211.0,1.0,0.0,-0.2165910694891811,5,False
24E43EAA38694D56E0631318000A7C08,10,369.9955844425588,90.35439351145108,2.6857693790643475,216.0,1.0,0.0,-0.1176703362603286,5,False
24E43EAA38694D56E0631318000A7C08,11,370.21031160390334,90.40794729739986,2.6773459036252025,216.0,1.0,0.0,-0.0233705934374296,5,False
24E43EAA38694D56E0631318000A7C08,12,370.1324865683531,90.38869130550287,2.6804944241658237,210.0,1.0,0.0,-0.0791219741631394,5,False
24F272EBCA7311EEE0631318000A9947,1,371.67000207807376,90.76211928637005,2.6537306299130075,191.0,1.0,0.0,-0.055349363386315,5,True
24F272EBCA7311EEE0631318000A9947,2,372.1013290080618,90.55891198155363,2.662232164771361,168.0,0.0008810654977051,0.0,-0.072224559052918,4,True
24F272ED77C01286E0631318000AC2C3,1,369.133953984556,90.14541438795251,2.707651958623408,217.0,1.0,0.0,-0.0898287223591412,5,False
24F29B247A9E3C78E0631318000A017C,1,370.6130280732035,90.50596374734032,2.6811104334539286,163.0,1.0,0.0,-0.1131803306786583,4,False
24F29B247A9E3C78E0631318000A017C,2,370.2783892437653,90.42537662707413,2.6899234207508367,152.0,1.0,0.0,-0.0633625847108511,4,False
24F29B2485953C78E0631318000A017C,1,370.47019896334007,90.4714668049703,2.6804578797403478,173.0,0.7296711802482605,0.0,-0.0829399418459068,4,False
24F29B2485953C78E0631318000A017C,2,369.0141346780283,90.11708157527583,2.719225171215123,195.0,0.9138323068618774,0.0,-0.0640319862510093,5,False
24F2CD2CB5E6E230E0631318000A99F9,1,369.09826557795594,90.13778048554903,2.724522871004325,140.0,0.6672007441520691,0.0,-0.0861171504973234,3,False
24F2CD2CB5E6E230E0631318000A99F9,2,366.84358555121577,89.58909284851862,2.7945861221795427,158.0,0.7942778468132019,0.0,-0.1559198562676571,4,False
24F35336D4550C4AE0631318000A7BCA,1,373.2917520618765,90.8264613231971,2.645658594378278,155.0,0.3945525288581848,0.0,-0.104596110888219,4,True
24F35336D4550C4AE0631318000A7BCA,2,370.07696930486503,90.37601854543976,2.697789364034479,139.0,0.4692912101745605,0.0,-0.1426857697060613,3,False
24F35336E4E70C4AE0631318000A7BCA,1,369.2173828209568,90.1650287740131,2.7128917397923002,187.0,1.0,0.0,-0.1363875267468557,5,False
24F35336E4E70C4AE0631318000A7BCA,2,369.8644980686637,90.32356876130513,2.6950297908531806,185.0,1.0,0.0,-0.1340860389145779,4,False
24F356C8E8954312E0631318000A0931,1,371.1299036531906,90.63190571315437,2.6609435411966533,202.0,1.0,0.0,-0.0106625564670061,5,False
24F356C8E8954312E0631318000A0931,2,369.95057794932944,90.34407312539075,2.6872357234738704,215.0,1.0,0.0,-0.0911936582232332,5,False
24F356C906974312E0631318000A0931,1,374.8235978777192,91.16768966989991,2.6143420228346446,158.0,1.0,0.0,-0.1884622237155869,4,True
24F357B6FD294DDDE0631318000AE43C,1,370.40341425255673,90.45529516629088,2.6943881202071167,135.0,1.0,0.0,-0.1111822651709339,4,False
24F357B6FD294DDDE0631318000AE43C,2,371.7955975959057,90.79378308132208,2.653162086910904,181.0,1.0,0.0,0.000267500289712,4,True
24F3D46572E0F149E0631318000AAD95,1,368.7827377694496,90.05930733147758,2.721678139781308,205.0,0.991470217704773,0.0,-0.3405196373194262,5,False
24F3D4657BAEF149E0631318000AAD95,1,367.7341345585471,89.80575506369479,2.7542924270525773,209.0,1.0,0.0,-0.113787337452172,5,False
24F3D4657BAEF149E0631318000AAD95,2,368.01720507273774,89.8727644873687,2.7427518219851743,215.0,1.0,0.0,-0.1162341010500952,5,False
24F3D4657BAEF149E0631318000AAD95,3,368.85081011426,90.07719002242465,2.7190606167067344,215.0,1.0,0.0,-0.1232579744176358,5,False
24F3D4657BAEF149E0631318000AAD95,4,369.6256051199777,90.26456582205635,2.699805355072021,202.0,1.0,0.0,-0.1415356691394533,5,False
24F4B641FDA0FFA4E0631318000AD123,1,372.7919213867188,90.71477227843634,2.6507063128216433,137.0,1.0,0.0,0.4582262047800687,4,True
24F4B641FDA0FFA4E0631318000AD123,2,369.04141359283466,90.12349588892243,2.715867756040559,199.0,1.0,0.0,-0.0030001053577665,5,False
24F4B641FDA0FFA4E0631318000AD123,3,369.4282453978628,90.21811060428136,2.703666353772134,201.0,1.0,0.0,-0.0694960407136785,5,False
24F4D482F4799E36E0631318000A2831,1,373.4121307377539,90.85185676044266,2.6465535438316365,127.0,0.6174715757369995,0.0,0.1439234490401848,3,True
24F4D482F4799E36E0631318000A2831,2,370.23476946020855,90.41394490999616,2.680621250759548,192.0,1.0,0.0,-0.1869373838400048,5,False
24F4D48672B99E4BE0631318000A50EF,1,372.1753687028932,90.57776250499008,2.6578419310976025,149.0,0.6254520416259766,0.0,-0.0532760303443949,3,True
24F4D486AC219E4BE0631318000A50EF,1,385.44542985088583,93.53819046676593,2.5634811121031764,154.0,1.0,0.0,-0.4005353656894297,4,True
24F4D486AC219E4BE0631318000A50EF,2,370.5486383634761,90.49056714066718,2.6735890193836886,202.0,1.0,0.0,-0.1083571567244621,5,False
24F4D84895A8CFB2E0631318000A1DCB,1,369.92318589254967,90.33817343825972,2.700049480577504,143.0,0.6015007501570288,0.0,-0.0380880097483615,3,False
24F4D84895A8CFB2E0631318000A1DCB,2,368.51516489838815,89.99516644590544,2.7423044420784826,168.0,0.4587014615535736,0.0,-0.1871468020996235,4,False
24F4D848AB56CFB2E0631318000A1DCB,1,380.3611930445514,92.40369096817608,2.547319845496488,119.0,1.0,0.0,-0.3242025555388266,3,True
24F4D848AB56CFB2E0631318000A1DCB,2,370.27329955185854,90.42289746919135,2.6872724561928854,143.0,1.0,0.0,-0.1109837410606947,3,False
24F68571E2FAD14CE0631318000A2537,1,372.62102325748407,90.6753761669112,2.655544388683092,134.0,0.6371251940727234,0.0,-0.0217761950710086,3,True
24F68571E2FAD14CE0631318000A2537,2,370.7365682382245,90.53591488282825,2.680009286806581,155.0,0.9007796216319016,0.0,-0.0645308368573661,4,False
24F68571F9DCD14CE0631318000A2537,1,368.94203418166313,90.09948360631576,2.7183977977989886,199.0,1.0,0.0,-0.1013033797548769,5,False
24F68679B621D918E0631318000AB2A1,1,371.2604387138397,90.66360015722067,2.673803990283644,130.0,1.0,0.0,-0.106267818835605,3,False
24F68679B621D918E0631318000AB2A1,2,371.7364156000348,90.77926038517465,2.657662357914513,164.0,1.0,0.0,0.0192009344176503,4,True
24F68959F43B0832E0631318000AAF73,1,374.18464721942047,91.0229023198811,2.6233375959719787,138.0,0.0,1.0,-1.0,3,True
24F69EC616BE28BBE0631318000A2546,1,370.77993593770543,90.54698644604689,2.668035687391428,204.0,1.0,0.0,-0.0305160033590388,5,False
24F69EC616BE28BBE0631318000A2546,2,370.3730755367794,90.4471996214092,2.672995608208876,209.0,1.0,0.0,-0.0843920197572794,5,False
2504B8584230C810E0631318000AA42C,1,367.8557884293167,89.83392888195466,2.7491042530807004,217.0,1.0,0.0,-0.1099357780556981,5,False
2504B8584230C810E0631318000AA42C,2,368.1527871176331,89.90702356823323,2.73916898653729,207.0,1.0,0.0,-0.1012768161359107,5,False
2505E734D9D8EBE6E0631318000A0E14,1,368.556967732258,90.00529401989913,2.7306044163913006,201.0,1.0,0.0,-0.1075568220520023,5,False
2505E734D9D8EBE6E0631318000A0E14,2,370.2560046324332,90.41972449853432,2.678984469815048,198.0,1.0,0.0,-0.0406558017105219,5,False
2505E734D9D8EBE6E0631318000A0E14,3,370.7832495309424,90.5469753115196,2.665566733277689,213.0,1.0,0.0,-0.0651946035719762,5,False
2505E734D9D8EBE6E0631318000A0E14,4,369.48380553429695,90.23143380006259,2.7001826432499567,204.0,1.0,0.0,-0.0790888534014637,5,False
2505E734D9D8EBE6E0631318000A0E14,5,368.668608184466,90.03248628471584,2.7244158575725366,204.0,1.0,0.0,-0.0771130785205926,5,False
2506559AD23EC2AEE0631318000A6DCF,1,367.783206878986,89.81713947127209,2.751505561832936,212.0,1.0,0.0,-0.0824193110903625,5,False
2506559AD23EC2AEE0631318000A6DCF,2,369.542471673684,90.24498957899748,2.7003746768294787,207.0,1.0,0.0,-0.0680088034027912,5,False
2506559AD23EC2AEE0631318000A6DCF,3,368.12253501769,89.89939812307531,2.7414632747158976,216.0,1.0,0.0,-0.1599962405674218,5,False
250750EA979325D1E0631318000A6368,1,368.50142157392605,89.9925664358075,2.7333365753479493,188.0,1.0,0.0,-0.153243129130124,4,False
250750EA979325D1E0631318000A6368,2,370.7028440124961,90.52787338729834,2.6703860636830514,195.0,1.0,0.0,0.0575013715856123,5,False
250750EA979325D1E0631318000A6368,3,368.7996086109336,90.06484189449068,2.7231341404083738,185.0,1.0,0.0,-0.1052066686548061,4,False
250750EE1D62262BE0631318000A9A8C,1,369.03955828400854,90.12353782042311,2.7131336796183216,202.0,1.0,0.0,-0.0405746386061158,5,False
250750EE1D62262BE0631318000A9A8C,2,369.4923794717949,90.23227936068088,2.6998492654040938,209.0,1.0,0.0,-0.1508346977420199,5,False
250750EE1D62262BE0631318000A9A8C,3,369.06882631229246,90.13033951101258,2.7132535654461694,202.0,1.0,0.0,-0.0626293074939357,5,False
250750EE1D62262BE0631318000A9A8C,4,368.79493226991553,90.06406126573827,2.723424583967717,193.0,1.0,0.0,-0.037625711180049,5,False
250750EE1D62262BE0631318000A9A8C,5,368.89915034575864,90.08865955368655,2.72029144638289,196.0,1.0,0.0,-0.1301544384924945,5,False
2507BD48CD8AF3C1E0631318000A3606,1,371.08760525415136,90.62157937904793,2.6843472035550393,105.0,1.0,0.0,0.0565710277235411,3,False
2507BD48CD8AF3C1E0631318000A3606,2,368.92048029476973,90.09436897134397,2.722140409910156,189.0,1.0,0.0,-0.068293739136245,5,False
2507BD48CD8AF3C1E0631318000A3606,3,369.32091718327206,90.19186464578468,2.707246388401362,200.0,1.0,0.0,-0.1511087693539661,5,False
2507CD152396AC48E0631318000AD7C1,1,369.1537818911027,90.14980307457839,2.7101587151635367,210.0,1.0,0.0,-0.1320333090881149,5,False
2507FD164D9449F0E0631318000AC74D,1,378.87037615131646,92.06962744774924,2.549604767503123,106.0,0.3803158700466156,0.0,-0.0963974650915188,3,True
2507FD164D9449F0E0631318000AC74D,2,369.78422928058177,90.30381342798611,2.6954154224385665,192.0,0.8503567307856523,0.0,-0.076831599393104,5,False
2507FD164D9449F0E0631318000AC74D,3,369.2471589945505,90.17293605997662,2.712456575868444,188.0,1.0,0.0,-0.1498122802368121,5,False
2507FD164D9449F0E0631318000AC74D,4,369.78444127828215,90.3035162238393,2.6890675125336663,204.0,1.0,0.0,-0.0734445868216548,5,False
2507FD164D9449F0E0631318000AC74D,5,370.47804522921626,90.47349599469823,2.672067882510272,205.0,1.0,0.0,-0.0129108052411937,5,False
2507FD165CF949F0E0631318000AC74D,1,370.3316223397738,90.43785829938739,2.691376425374872,124.0,0.7782038167958844,0.0,-0.1543562151510493,3,False
2507FD165CF949F0E0631318000AC74D,2,369.68349841992335,90.27927786128176,2.699162607420859,173.0,0.8842602968215942,0.0,-0.1386311270947368,4,False
2507FD165CF949F0E0631318000AC74D,3,369.05243989610176,90.1249219401556,2.7119217538183458,207.0,1.0,0.0,-0.0677363138495983,5,False
2507FD165CF949F0E0631318000AC74D,4,367.4190479677543,89.72915720885818,2.7708189749376855,182.0,0.6487483950689199,0.0,-0.0512473072052181,4,False
2507FD165CF949F0E0631318000AC74D,5,371.2971025868095,90.67210923789612,2.66963833746435,147.0,0.8871585632712198,0.0,-0.1587617878846796,4,False
2507FD165CF949F0E0631318000AC74D,6,364.65632944521695,89.05802674915478,2.8795547997174054,104.0,0.0,0.0,-0.1343389370924104,3,False
2507FD165CF949F0E0631318000AC74D,7,368.9185386667288,90.0920534313398,2.7162549639286633,219.0,1.0,0.0,-0.1629687599847128,5,False
2507FD165CF949F0E0631318000AC74D,8,369.97340198723685,90.34903636225235,2.684332924111644,215.0,1.0,0.0,-0.1306583569073887,5,False
2507FD165CF949F0E0631318000AC74D,9,369.8530885299834,90.31968562437757,2.686649298018748,219.0,1.0,0.0,-0.0913506614800431,5,False
2507FD165CF949F0E0631318000AC74D,10,369.8181526051562,90.31372317368576,2.688616471018448,218.0,1.0,0.0,-0.0875999316406752,5,False
2507FD165CF949F0E0631318000AC74D,11,368.83170691554074,90.07389685770417,2.716736865102801,220.0,1.0,0.0,-0.1148397242534841,5,False
2507FD165CF949F0E0631318000AC74D,12,369.659936348496,90.27433051334064,2.693955653791974,213.0,1.0,0.0,-0.1000525575724376,5,False
2507FD165CF949F0E0631318000AC74D,13,366.80328097303374,89.58003986262476,2.798576916766768,165.0,1.0,0.0,-0.0666465826395179,5,False
2509854B41DE42BCE0631318000A37F8,1,368.342650703543,89.95332563084182,2.7372680492980206,188.0,1.0,0.0,-0.0587364606154771,4,False
2509854B41DE42BCE0631318000A37F8,2,368.3651003250582,89.95994907069256,2.7379123546899975,178.0,1.0,0.0,-0.092364521501491,4,False
250985F2AA094830E0631318000A80A4,1,370.23552054358015,90.413825886248,2.685095773472249,188.0,1.0,0.0,-0.281162968409187,5,False
250985F2AA094830E0631318000A80A4,2,370.2848039340896,90.4258596403272,2.6795883905375186,207.0,1.0,0.0,-0.0290995261662874,5,False
250985F2AA094830E0631318000A80A4,3,369.19544100411986,90.16204843445855,2.725498098397067,121.0,1.0,0.0,-0.0553918234970349,3,False
250985F2AA094830E0631318000A80A4,4,370.0447809879347,90.36688110019624,2.685443275806289,199.0,1.0,0.0,-0.116756924066533,5,False
25098B1BE2BA8797E0631318000ABD41,1,366.2716088728127,89.449948148774,2.807795665883031,198.0,1.0,0.0,-0.2111955464583343,5,False
25098B1BE2BA8797E0631318000ABD41,2,375.12014303929834,91.23322671146717,2.600522651675662,190.0,1.0,0.0,-0.0613843155325757,5,True
250991E4AFC5E71BE0631318000A4624,1,371.0023842195878,90.6006894861698,2.6659999797003926,188.0,1.0,0.0,0.0415879289157651,5,False
250991E4AFC5E71BE0631318000A4624,2,369.3335195359669,90.19508931098343,2.707754898039521,204.0,1.0,0.0,-0.0390726730009065,5,False
2509A909814F1F2CE0631318000A4D58,1,370.0725894690556,90.37341583433165,2.690559378896201,173.0,1.0,0.0,-0.0946601516154865,4,False
2509A909814F1F2CE0631318000A4D58,2,371.8472795649108,90.74644186139513,2.6712778553628636,106.0,1.0,0.0,1.0,3,True
2509A909A6581F2CE0631318000A4D58,1,368.78645280729114,90.0616927965911,2.723871164132699,191.0,0.8247348666191101,0.0,-0.12712514042007,5,False
2509A909A6581F2CE0631318000A4D58,2,369.28462093965675,90.18224945520512,2.705160231005965,195.0,1.0,0.0,-0.0891912705184629,5,False
2509A909A6581F2CE0631318000A4D58,4,369.5342686791682,90.24230271569427,2.69957498350668,193.0,1.0,0.0,-0.1481674967283758,5,False
2509A909A6581F2CE0631318000A4D58,5,367.6149232640462,89.77705750741919,2.760044677928617,195.0,1.0,0.0,-0.1172840616690809,5,False
2509E69199AA8677E0631318000AC88A,1,383.310292522756,93.06064997295917,2.5445830122509645,186.0,1.0,0.1824355562422648,-0.7333904617159914,5,True
2509E69199AA8677E0631318000AC88A,2,374.1308095785408,91.01239830860621,2.627524493409928,161.0,1.0,0.3880374436387298,-0.1169400505393902,4,True
2509E691A2DE8677E0631318000AC88A,1,367.62755700533353,89.77924023121814,2.7585435054241145,205.0,1.0,0.0,-0.1980159330005064,5,False
2509E691A2DE8677E0631318000AC88A,2,369.18607318898125,90.1591195938025,2.711158531830024,188.0,1.0,0.0,-0.0953446724207612,4,False
2509E691A2DE8677E0631318000AC88A,3,369.69755092942074,90.28310860577228,2.6987519260520476,174.0,1.0,0.0,-0.1579091264831959,4,False
2509E691AF248677E0631318000AC88A,1,369.77361335347166,90.30083899748477,2.6935833971501535,190.0,1.0,0.0,-0.0601894974879797,5,False
2509E691AF248677E0631318000AC88A,2,368.75911583580154,90.05525510856904,2.7230332356550684,206.0,1.0,0.0,-0.0789243573475678,5,False
2509E691C5B88677E0631318000AC88A,1,376.6742277284073,91.5802067271188,2.5832869666411695,65.0,1.0,0.0,-0.4524209806953585,1,True
2509E691C5B88677E0631318000AC88A,2,368.13361325471294,89.90222320003785,2.763475031668437,73.0,1.0,0.0,-1.0,2,False
250AAAA53CED254FE0631318000A37BF,1,383.042232274927,93.0017792740315,2.5459647124291673,201.0,1.0,0.0,-0.7893130384347646,6,True
250AAAA53CED254FE0631318000A37BF,2,379.0575839446258,92.11228144072481,2.534719851349144,169.0,0.9571241030883108,0.0,-0.371585086988179,5,True
250AAAA53CED254FE0631318000A37BF,3,371.20118449364435,90.64884396794706,2.66564901843058,196.0,1.0,0.0,-0.0482705148185631,5,False
250AAAA53CED254FE0631318000A37BF,4,371.31052856445314,90.67556770726254,2.6622391750938013,191.0,1.0,0.0,-0.0420499304407521,5,False
250AAB28E2BB39D6E0631318000AB3DB,1,375.4042113369144,91.29658543797882,2.5970192214851946,151.0,1.0,0.0,0.0687991896123348,4,True
250AAB28E2BB39D6E0631318000AB3DB,2,370.4122573543007,90.45680121028448,2.6805789021062814,180.0,1.0,0.0,-0.1013955471100975,4,False
250AAB2901E439D6E0631318000AB3DB,1,387.01518016891856,93.88670404384685,2.5775122514272253,186.0,1.0,0.0,-1.0,5,True
250AAB703D073F5FE0631318000AADFD,1,382.12385008950133,92.79888865628267,2.550050924809295,134.0,0.8147312199699971,0.0,0.966998887139694,4,True
250AAB703D073F5FE0631318000AADFD,2,369.547788717248,90.24701545389831,2.708168849141243,163.0,0.8643168045008219,0.0,-0.0636257424780034,4,False
250AB0018C8A7A55E0631318000A165F,1,368.9709675494444,90.10647988050886,2.722903122467902,176.0,0.9588122341629948,0.0,-0.3153954281817072,4,False
250AB0018C8A7A55E0631318000A165F,2,368.861385839044,90.07939325389914,2.7207924190274797,187.0,1.0,0.0,-0.1176141677605661,4,False
250AB9F2C8DE07BBE0631318000ADD5C,1,367.70608400828365,89.79797857989226,2.7574753985967186,193.0,1.0,0.0,-0.157816002286077,5,False
250AC21A72897621E0631318000A94DB,1,374.7078525937335,91.13958948584852,2.609361295278729,159.0,1.0,0.0,-0.0959826376561507,4,True
250AC21A72897621E0631318000A94DB,2,371.28642310205,90.66976206913661,2.6604058074130337,190.0,1.0,0.0,0.0331804900887052,5,False
250AD2B8A9AE3CF6E0631318000AA5C2,1,370.960095865668,90.59050024528835,2.6722105936729186,160.0,1.0,0.0,-0.050413888809373,4,False
250AD2B8A9AE3CF6E0631318000AA5C2,2,370.595610967025,90.5006141343165,2.6791301437704087,154.0,1.0,0.0,-0.0016445825619351,4,False
250AF903F4BC5C68E0631318000AF02B,1,367.1818178580977,89.67124592410475,2.7877052668292257,142.0,1.0,0.0,-0.3288043429788074,4,False
250AF903F4BC5C68E0631318000AF02B,2,372.8949712947053,90.73756361620957,2.647660716226583,180.0,1.0,0.0,-0.0240548843191546,5,True
250B1BCE23243EF0E0631318000A7916,1,369.1730316817659,90.1553311075508,2.725342655314528,151.0,1.0,0.0,-0.3057886000754199,4,False
250B1BCE23243EF0E0631318000A7916,2,369.9838115405011,90.3529037639659,2.688464153453868,189.0,1.0,0.0,0.0120301069591635,5,False
257C58E7EB9D6BE1E0631318000A4333,1,369.6159766905085,90.26274940844112,2.7145770569579293,143.0,0.0,0.0,-0.2177165462072378,3,False
257EC35F1EAD7AAEE0631318000A3ABC,1,367.35509064938185,89.71225881159513,2.77833732985102,181.0,0.0088461374875586,0.0,-0.2543744974912134,5,False
257EC35F3E637AAEE0631318000A3ABC,1,369.208035327205,90.16370645597664,2.706236832330584,212.0,1.0,0.0,-0.0947502940623837,5,False
257EC4F42A9B8C90E0631318000A7429,1,369.88944302817487,90.32972150981831,2.685970387046993,213.0,1.0,0.0,-0.1171714831886145,5,False
257EC4F42A9B8C90E0631318000A7429,2,368.67860956295925,90.03571289677913,2.725947639616084,210.0,1.0,0.0,-0.2500548571794086,5,False
257EC4F42A9B8C90E0631318000A7429,3,369.6981546380603,90.28187596742936,2.694084108229444,206.0,1.0,0.0,-0.1818205527396444,5,False
257EC4F42A9B8C90E0631318000A7429,4,368.5736309762484,90.00919259034359,2.7248186943321264,217.0,1.0,0.0,-0.140750585012878,5,False
25800070749D7163E0631318000A214C,1,386.35986902938726,93.74011016786831,2.576532988370991,137.0,1.0,0.0,-0.1464678462436641,4,True
25806A6298F618E9E0631318000A4087,1,368.16367523943035,89.90958030285859,2.747673191836564,172.0,1.0,0.0,-0.0247185779712368,4,False
25806A6298F618E9E0631318000A4087,2,366.2403568023824,89.44205667671287,2.813544688470278,181.0,1.0,0.0,-0.3056510156383752,5,False
25806A6298F618E9E0631318000A4087,3,369.17619983333975,90.15553277287488,2.7192369955543887,179.0,1.0,0.0,-0.3167230561460897,5,False
25806A6298F618E9E0631318000A4087,4,370.62125284886736,90.5075158357456,2.675125994849681,197.0,1.0,0.0,-0.0898286090459974,5,False
25806A6298F618E9E0631318000A4087,5,370.6020085261418,90.50302097347232,2.675082193387972,192.0,1.0,0.0,-0.0242665075123883,5,False
25806A6298F618E9E0631318000A4087,6,367.3037285421981,89.70073132158137,2.7675368986973146,202.0,1.0,0.0,-0.03291727393156,5,False
25806A6298F618E9E0631318000A4087,7,368.82786972735454,90.05565294639261,2.7225579781714626,197.0,1.0,0.0,-0.1300640527940293,5,False
2580948CF584514DE0631318000AD338,1,366.157677591826,89.41911264765939,2.8218585242832397,160.0,0.0,0.0,-0.2191795211884965,4,False
2580948CF584514DE0631318000AD338,2,371.03327383646155,90.60658803800256,2.674907120262704,163.0,1.0,0.0,-0.2276253525803728,4,False
258105E58107583DE0631318000AA294,1,372.9124218617148,90.73992523626077,2.658332274715182,95.0,0.0,0.0,-0.2521358161471164,2,True
258105E58107583DE0631318000AA294,2,369.9069386917852,90.33463582869203,2.701767760662636,149.0,1.0,0.0,-0.3267662599902589,4,False
25810C7FE491A5F7E0631318000A35C1,1,376.4210101306781,91.52350397199912,2.5707135236583194,148.0,0.0515399207722035,0.0,-0.1565062708902029,4,True
25810C7FE491A5F7E0631318000A35C1,2,368.9236336388128,90.0951030342448,2.7274121870451875,137.0,1.0,0.0,-0.0067367665090928,3,False
25810C7FE491A5F7E0631318000A35C1,3,367.4289261925029,89.73171313688717,2.7751013072416746,155.0,1.0,0.0,-0.2585209526798942,4,False
258113C125A10DB2E0631318000AA9F8,1,368.73440557339774,90.04807982408131,2.7258354048314293,198.0,1.0,0.0,-0.2093535337556809,5,False
258113C125A10DB2E0631318000AA9F8,2,369.8161568406564,90.31219458927588,2.68792023002662,207.0,1.0,0.0,-0.0999651887212299,5,False
25816EC44540E08FE0631318000A748A,1,370.4348624735499,90.46272693725908,2.6756499126350004,201.0,1.0,0.0,-0.1660129493466988,5,False
25816EC44540E08FE0631318000A748A,2,370.8866196063565,90.57262383363293,2.6721021686559925,194.0,1.0,0.0,-0.089556095140937,5,False
25816EC44540E08FE0631318000A748A,3,368.9937659472656,90.11129347167967,2.714181301269531,213.0,1.0,0.0,-0.1604163868522644,5,False
25819487F1AEF3E0E0631318000AE58B,1,367.5830122958551,89.7689905145732,2.7655874640522,180.0,1.0,0.0,-0.0154243970043927,4,False
25819487F1AEF3E0E0631318000AE58B,2,371.5480563365087,90.73333555206736,2.656933560137277,201.0,1.0,0.0,0.0739616350815683,5,True
25819487F1AEF3E0E0631318000AE58B,3,369.13254885889904,90.14562199440323,2.71282913568641,202.0,1.0,0.0,-0.0469274428887527,5,False
25819487F1AEF3E0E0631318000AE58B,4,370.2763609066073,90.4240723710335,2.678578254891441,208.0,1.0,0.0,-0.0023440241648603,5,False
2581AA638082162DE0631318000A1602,1,369.0454940457445,90.12148938645757,2.7188694762096923,179.0,1.0,0.0,-0.0159150421163934,4,False
2581AA638082162DE0631318000A1602,2,367.83395851264567,89.8304255857306,2.754688295267396,192.0,1.0,0.0,-0.2959791735067206,5,False
2581AA638082162DE0631318000A1602,3,366.9316402487043,89.60977311767378,2.7898402651102026,169.0,0.5413946353061376,0.0,-0.1587426893526372,4,False
2583CC726C3D7FE1E0631318000A4965,1,368.3796509832111,89.96132100053588,2.732419828547098,218.0,1.0,0.0,-0.1482443800420684,5,False
2583CC726C3D7FE1E0631318000A4965,2,368.6283696310774,90.02247677300683,2.7267836839485984,216.0,1.0,0.0,-0.1897453792832172,5,False
25949552FA1B1F8BE0631318000A7789,1,369.8469124690688,90.3179529503097,2.6931367088422555,199.0,1.0,0.0,-0.199114284983967,5,False
25949552FA1B1F8BE0631318000A7789,2,369.0943631180691,90.13568448385796,2.711138140115638,218.0,1.0,0.0,-0.188611656663021,5,False
2595181D47D611DCE0631318000A42F8,1,387.4275588325832,93.9792709848155,2.5913258334864735,138.0,1.0,0.0,-0.3936012369135134,4,True
2595181D47D611DCE0631318000A42F8,2,390.2747649193661,94.61807772987768,2.6236226133317637,145.0,0.0,0.0,0.4669170220125795,4,True
2595181D47D611DCE0631318000A42F8,4,376.68189790806093,91.58276844243892,2.5635345530235902,169.0,1.0,0.0,-0.0097628913973226,4,True
27C76AF009396911E0631818000AE071,3,368.8065840038576,90.06526061364836,2.7194708553038334,219.0,1.0,0.0,-0.1544557026868449,5,False
27C76AF009396911E0631818000AE071,4,369.9296819434976,90.33859480132097,2.689439498778409,215.0,1.0,0.0,-0.1277225818883323,5,False
28551F61641A40D4E0631818000ACFB9,1,367.5111384299991,89.74998970221196,2.7624381092221686,210.0,1.0,0.0,-0.1263519934170724,5,False
28FDC6C435F08712E0631718000AF624,1,370.2667599477152,90.42281832454083,2.68229212889485,181.0,1.0,0.0,-0.117913621411598,4,False
29056F207E01BA65E0631718000A16FF,1,365.08619099744453,89.16164512053366,2.8495292719944643,190.0,1.0,0.0,-0.270703341603143,5,False
29056F2250C0BA6AE0631718000ACAD6,1,368.76013117005726,90.05503996702586,2.7286935282346136,178.0,1.0,0.0,0.0055573006526523,5,False
29056F22531DBA6AE0631718000ACAD6,2,369.0322966378348,90.12150702078684,2.724653639275687,149.0,1.0,0.0,-0.188222104862758,3,False
29056F22531DBA6AE0631718000ACAD6,3,376.44278246692767,91.52910666711551,2.586853348840143,126.0,1.0,0.0,1.0,3,True
29056F22531DBA6AE0631718000ACAD6,4,369.883179526387,90.3284446623644,2.6953660132913937,167.0,1.0,0.0,-0.0497585019963955,4,False
29087B87560D1DCDE0631718000ADD63,1,376.3342000056631,91.50532644518665,2.572223533707085,177.0,1.0,0.0,0.2148602351666356,5,True
29087B87560D1DCDE0631718000ADD63,2,371.7401065310916,90.72051177153715,2.661188982628487,162.0,0.532646656036377,0.0,-0.0101751485285726,4,True
29087B87560D1DCDE0631718000ADD63,3,371.46092107330793,90.71149945148754,2.6619041272438726,188.0,1.0,0.0,-0.0230278070789293,5,False
29087B87560D1DCDE0631718000ADD63,4,370.9170740803055,90.57991100389793,2.6714421628298193,189.0,1.0,0.0,-0.006446642080696,5,False
29087B87560D1DCDE0631718000ADD63,5,370.620593090134,90.50719464160352,2.676034009121508,167.0,1.0,0.0,-0.0436535256364977,4,False
2B4F5731CF45C045E0631618000AEAF7,1,369.0723865219106,90.1306349863266,2.731999826193808,121.0,0.0,0.0,-0.1406030519208509,3,False
2B4F58CD7B11E719E0631618000A6601,1,367.1587032746471,89.6657126041632,2.7861190351719625,163.0,0.0,0.0,-0.1385969478307667,4,False
305C5264283C230CE0631218000AAC39,2,367.36589623847937,89.7161264261546,2.766261870734752,204.0,1.0,0.0,-0.1327629612978723,5,False
305C992823F5ACD8E0631218000A4B85,1,367.90237324668414,89.84695344384274,2.7529504611286306,180.0,1.0,0.0,-0.0332946958417995,4,False
305CE922BC8BE0BBE0631218000ABC98,1,368.43247245785005,89.97451963199964,2.731364330870328,214.0,1.0,0.0,-0.1461774372920798,5,False
305D3EB36D4E3DB7E0631218000A77A5,1,366.2761617452933,89.4510482893937,2.8250826886104146,97.0,1.0,0.0,-0.1211101163310295,3,False
305D3F30AE7A3EEDE0631218000A268E,1,369.37918789869366,90.20561588842067,2.7126178790157223,153.0,0.848706060547173,0.0,-0.0709683896578251,3,False
305D3F30AE7A3EEDE0631218000A268E,2,369.18147206056426,90.1575282051,2.7177685052532037,167.0,0.9199422654937144,0.0,-0.0476020043087591,4,False
305E195B62438017E0631218000A1735,1,368.30112031657166,89.94350183764223,2.735858016409621,206.0,1.0,0.0,-0.1373135591210385,5,False
305E195B62438017E0631218000A1735,2,372.0787650559429,90.55581166957256,2.652477338357584,182.0,1.0,0.0,-0.0627648248133104,4,True
305ED5275E5838CDE0631218000A5892,1,368.80333736477223,90.06516453403155,2.7295953815796477,168.0,0.5975621760348332,0.0,-0.1686470133613619,4,False
305ED5275E5838CDE0631218000A5892,2,370.51137260384286,90.47960162422454,2.6701237781543488,216.0,1.0,0.0,-0.0729871856626391,5,False
305ED89AC8C96A40E0631218000A9ED9,1,374.44046498937695,91.08234861829514,2.6280489021401183,120.0,0.0444600885100567,0.0,0.3146397308979766,3,True
305ED89AC8C96A40E0631218000A9ED9,2,372.6495026081389,90.68201885596372,2.6565337719683706,153.0,0.3716664420173722,0.0,0.1385309610402379,3,True
305EDBB59A0C92FBE0631218000A86B0,1,364.9021116360945,89.1168678365716,2.8730126073656224,102.0,0.7056218593709913,0.0,-1.0,3,False
305EDBB59A0C92FBE0631218000A86B0,2,367.3288635467413,89.70766824657572,2.782293227908401,118.0,1.0,0.0,-0.2018982002584597,3,False
305EDBD6E5879314E0631218000A4590,1,370.1580735379965,90.39461385969318,2.683328851955404,205.0,1.0,0.0,-0.1289868916917914,5,False
305EDBD6E5879314E0631218000A4590,2,370.8536869150268,90.56438246109785,2.665691376401616,210.0,1.0,0.0,-0.1239987187843585,5,False
305EDC1ACBED9811E0631218000A2890,1,368.4625345664609,89.98196976823998,2.7365742715729304,184.0,1.0,0.0,-0.0751376345063803,4,False
305F32B269110DA9E0631218000A642C,1,370.6795833916702,90.52224761016227,2.6700796050062983,210.0,1.0,0.0,-0.0839345813317246,5,False
305F32B269110DA9E0631218000A642C,2,371.13191328384835,90.63208452249644,2.666729059241952,183.0,1.0,0.0,-0.0139581247443682,5,False
305F32B269110DA9E0631218000A642C,3,369.6505309738358,90.27003022044026,2.693120695485273,220.0,1.0,0.0,-0.0416040687666563,5,False
305F368047E02B8AE0631218000A8A93,1,372.4378106301677,90.63552139157234,2.6543530351243056,173.0,1.0,0.0,-0.0950963073710533,5,True
305F368047E02B8AE0631218000A8A93,2,370.36213349132106,90.44454416417443,2.6814370038467654,203.0,0.4080073256451201,0.0,-0.13867269305388,5,False
305F36DDB1E22D57E0631218000A90CC,1,374.27145161615493,91.0440400649591,2.6247846200314795,165.0,0.7393208747272478,0.0,-0.1241946573294718,4,True
305F36DDB1E22D57E0631218000A90CC,2,371.77732055998575,90.78889334336112,2.659377822982024,170.0,1.0,0.0,-0.0772298612181744,4,True
305F36DDB1E22D57E0631218000A90CC,3,371.2060689352096,90.65063166854242,2.667020143666603,175.0,1.0,0.0,-0.0754546673607006,4,False
305F36F004DA2DA3E0631218000A5FD8,1,368.49418768344594,89.99054503328641,2.7320290823369158,197.0,1.0,0.0,-0.0990338885455012,5,False
305F36F004DA2DA3E0631218000A5FD8,2,371.2411770317488,90.65929984602032,2.667172240901036,171.0,1.0,0.0,-0.0914566720045658,4,False
305F36F0081D2DA3E0631218000A5FD8,1,370.2166815942791,90.4084145701216,2.6876234087462065,177.0,1.0,0.0,-0.1535284518277526,4,False
305F36F0081D2DA3E0631218000A5FD8,2,368.5729885090147,90.00934393917531,2.733701560735108,174.0,0.9692798621149094,0.0,-0.1033719134922899,4,False
305F36F8950D323FE0631218000AEAD4,1,369.60251422183705,90.26019249137846,2.701357543309248,191.0,1.0,0.0,-0.038577564541899,5,False
305F36F8950D323FE0631218000AEAD4,2,368.9414105488699,90.09961107105656,2.722252988780112,186.0,1.0,0.0,-0.1633717871094746,5,False
305F373D8FFD3633E0631218000A9D2D,1,365.4781683283458,89.25567529991443,2.834604945588469,190.0,0.7528216643519035,0.0,-0.168599620268053,5,False
305F373D8FFD3633E0631218000A9D2D,2,368.6251220644115,90.0225170205051,2.732300501087944,179.0,0.5493204502839668,0.0,-0.0955550175259677,4,False
305F375278B1366AE0631218000A2C7A,1,369.4943008492696,90.23426343527741,2.701626620377623,204.0,1.0,0.0,-0.0994023251087817,5,False
305F375278B1366AE0631218000A2C7A,2,369.25612195375294,90.17579891898497,2.710163032087087,201.0,1.0,0.0,-0.1086659206447741,5,False
305F375278B1366AE0631218000A2C7A,4,366.94546839922737,89.61353710573508,2.783025644455023,198.0,1.0,0.0,-0.0767222654305565,5,False
305F383172E13CD9E0631218000A4E13,1,370.0065318920182,90.35885023681719,2.6957216352211093,147.0,1.0,0.0,-0.0714389687809929,4,False
305F383172E13CD9E0631218000A4E13,2,371.878109661696,90.81395641901857,2.6576793038875985,161.0,1.0,0.0,-0.0642878824172145,4,True
305F38324E7B3CD7E0631218000A2CC2,1,367.8033379522236,89.82263299158745,2.754888371340576,194.0,1.0,0.0,-0.1216282638800681,5,False
305F38324E7B3CD7E0631218000A2CC2,2,369.40304906572544,90.21110539177332,2.7020211392441134,207.0,1.0,0.0,-0.0768538605077563,5,False
306846828689AEA2E0631218000A2ACF,1,368.49993294327805,89.9919008906434,2.732765784312068,179.0,1.0,0.0,-0.0781622724021088,4,False
306846828689AEA2E0631218000A2ACF,2,369.91523362231896,90.33608298576848,2.690895291921113,188.0,1.0,0.0,-0.0607772969983039,4,False
306846828689AEA2E0631218000A2ACF,3,369.3738875939103,90.20481951102477,2.711962474770496,181.0,1.0,0.0,-0.0875913369214845,4,False
30684C63CA0F1572E0631218000A2DB6,1,368.0844499860708,89.89019111778875,2.7476646098862467,188.0,1.0,0.0,-0.081162333864035,5,False
30684C63CA0F1572E0631218000A2DB6,2,369.9438571212634,90.34213055850272,2.691324521838508,197.0,1.0,0.0,-0.1263324273710732,5,False
30684C63CA0F1572E0631218000A2DB6,3,367.502396308286,89.74867092123645,2.7643246339205008,195.0,1.0,0.0,-0.0868070234297106,5,False
3068597242C9C2E3E0631218000A2B84,2,371.4434594839987,90.70752910254976,2.661912761115812,173.0,1.0,0.0,-0.052235818456961,4,False
30685A08C702C869E0631218000A3777,1,370.14553768149887,90.39243627126024,2.6927022276370987,158.0,0.6559706183107805,0.0,-0.0550528621709866,4,False
30685A08C702C869E0631218000A3777,2,370.02808718191534,90.36281224650104,2.684308310507028,202.0,1.0,0.0,-0.0889452003636546,5,False
3068819AA4BBE404E0631218000A017E,1,376.98747205337975,91.64977086576364,2.5797246183490494,76.0,0.4482032359,0.0,-0.5941309005253457,2,True
3068819AA4BBE404E0631218000A017E,2,373.1526690694884,90.7944497813123,2.6465212601737282,147.0,0.48564596754102,0.0,-0.0457063605716978,4,True
3068819AAD32E404E0631218000A017E,1,369.83494645422974,90.3170470345811,2.692212437283078,201.0,1.0,0.0,-0.0168121933333279,5,False
3068819AAD32E404E0631218000A017E,2,369.4475157886319,90.22217752193949,2.7034283695320647,200.0,1.0,0.0,-0.1104191870496672,5,False
3068C4A99FD74FD8E0631218000A9C50,1,369.6813932148325,90.2785795047833,2.695022932898582,213.0,1.0,0.0,-0.1095929350793488,5,False
3068C4A99FD74FD8E0631218000A9C50,2,369.18227952116183,90.15804118755277,2.708516184911818,212.0,1.0,0.0,-0.0933729772485466,5,False
3068C4A9AD464FD8E0631218000A9C50,1,368.83061040159623,90.07165222697779,2.725240073072208,175.0,1.0,0.0,-0.116411706938069,4,False
3068C4A9AD464FD8E0631218000A9C50,2,370.0389649922152,90.36637899781763,2.6866067191011767,202.0,1.0,0.0,-0.1439872242024703,5,False
3068C4FE4A9F5081E0631218000AA852,1,369.1951113648856,90.159731783606,2.7091721313639208,206.0,1.0,0.0,-0.0759006107981175,5,False
3068C4FE4A9F5081E0631218000AA852,2,369.410097261093,90.21313969221264,2.702796979209043,200.0,1.0,0.0,-0.0727492926988076,5,False
3068C4FE4A9F5081E0631218000AA852,3,368.5319285764471,89.99940727431928,2.731716679927691,188.0,1.0,0.0,-0.0958192088886553,5,False
3068C60D09A25A2BE0631218000A7F80,1,370.04335519596856,90.3676700032405,2.6832523931927,201.0,1.0,0.0,-0.0499419710310058,5,False
3068C60D09A25A2BE0631218000A7F80,2,369.4102653228925,90.2124811442717,2.701868676786905,212.0,1.0,0.0,-0.1041695413798439,5,False
3068C60D09A25A2BE0631218000A7F80,3,370.06066757035006,90.37122611488854,2.6819392928030688,206.0,1.0,0.0,-0.1016040154047665,5,False
3068C60D09A25A2BE0631218000A7F80,4,369.7741730541569,90.30069778566518,2.689690946647008,210.0,1.0,0.0,-0.0770540121629021,5,False
3068C60D09A25A2BE0631218000A7F80,5,369.3077505912235,90.18788256651565,2.7029747710601515,215.0,1.0,0.0,-0.0971147990055485,5,False
3068C60D09A25A2BE0631218000A7F80,6,369.29424476989874,90.18461736615815,2.706646902223696,210.0,1.0,0.0,-0.0837090294188667,5,False
3068C60D09A25A2BE0631218000A7F80,7,370.54337843407166,90.48835254678436,2.6733860384711594,199.0,1.0,0.0,-0.1437281053609164,5,False
3068C60D09A25A2BE0631218000A7F80,8,368.0730930777125,89.8894145123872,2.7464765240013236,186.0,1.0,0.0,-0.1301492400043382,5,False
3068C60D09A25A2BE0631218000A7F80,9,367.7543087521112,89.8100260436444,2.7520718206571426,213.0,1.0,0.0,-0.1194241330339768,5,False
3068C60D09A25A2BE0631218000A7F80,10,368.257696838362,89.930913848886,2.735747807027,206.0,1.0,0.0,-0.091050122235,5,False
3068C60D09A25A2BE0631218000A7F80,11,368.07388131954696,89.88796322959988,2.7428197552112548,212.0,1.0,0.0,-0.1165765493099611,5,False
3068C63CFF225A82E0631218000A28B2,1,369.59239116810346,90.25810789965648,2.699816931282244,200.0,1.0,0.0,-0.0712598875943319,5,False
3068C63CFF225A82E0631218000A28B2,2,368.76256299624646,90.05626374165305,2.722580439488006,203.0,1.0,0.0,-0.0973629220850123,5,False
3068D5C94E5B16B3E0631218000A2F89,1,364.74782281320154,89.07893251783437,2.8682408709664053,167.0,0.2108050783640931,0.0,-0.332384898843285,4,False
3068D5C94E5B16B3E0631218000A2F89,2,371.60810280630415,90.74699257308137,2.656103784192706,194.0,1.0,0.0,-0.0968784939313571,5,True
3068D5C9518916B3E0631218000A2F89,1,378.930944810886,92.0830986172136,2.555020550920309,85.0,0.5654993653,0.0,-1.0,2,True
3068D5C9518916B3E0631218000A2F89,2,367.4925925109562,89.74666111258246,2.783371552529428,84.0,0.4203555286,0.0,-0.9767186870670458,2,False
3068D5FC22FA1B02E0631218000A053F,1,370.05423446057085,90.36968612528393,2.6898176479670948,189.0,1.0,0.0,-0.1430443280747389,5,False
3068D5FC22FA1B02E0631218000A053F,2,366.885643843094,89.59955543902501,2.790883354864977,164.0,1.0,0.0,-0.0700239246821088,4,False
3068D61B34A51C7DE0631218000A8C13,1,370.62663691208456,90.50930489166045,2.6717955600335075,188.0,1.0,0.0,0.0302041623588885,5,False
3068D61B34A51C7DE0631218000A8C13,2,369.4136282278085,90.2136851723147,2.7005467900565256,214.0,1.0,0.0,-0.0982203721363925,5,False
3068D6464F5F1D38E0631218000A1E75,1,370.387788627182,90.4512503359692,2.6822389812961287,160.0,0.7749599218,0.0,-0.1085863135992578,4,False
3068D6464F5F1D38E0631218000A1E75,2,369.7270489032936,90.2906957343325,2.697953570313984,191.0,1.0,0.0,0.0194540638297007,5,False
